,Zotu.1207,Zotu.0324,Zotu.0586,Zotu.0079,Zotu.0273,Zotu.0025,Zotu.1677,Zotu.1692,Zotu.0460,Zotu.0631,Zotu.0760,Zotu.0961,Zotu.1811,Zotu.0140,Zotu.1588,Zotu.0157,Zotu.0709,Zotu.0208,Zotu.1497,Zotu.1796,Zotu.0766,Zotu.1884,Zotu.0279,Zotu.1009,Zotu.0745,Zotu.0167,Zotu.0708,Zotu.1579,Zotu.0915,Zotu.0568,Zotu.0683,Zotu.0604,Zotu.0379,Zotu.0778,Zotu.0107,Zotu.0227,Zotu.1187,Zotu.0251,Zotu.0028,Zotu.0093,Zotu.0047,Zotu.0653,Zotu.1450,Zotu.1508,Zotu.0260,Zotu.1543,Zotu.0190,Zotu.1343,Zotu.1168,Zotu.1082,Zotu.0795,Zotu.0146,Zotu.1726,Zotu.1080,Zotu.1418,Zotu.0170,Zotu.1536,Zotu.0131,Zotu.1635,Zotu.1858,Zotu.1624,Zotu.1069,Zotu.1841,Zotu.1622,Zotu.0858,Zotu.0608,Zotu.0012,Zotu.1318,Zotu.0678,Zotu.0447,Zotu.0390,Zotu.0276,Zotu.0616,Zotu.0169,Zotu.0981,Zotu.1248,Zotu.0854,Zotu.0135,Zotu.0457,Zotu.0920,Zotu.1149,Zotu.0380,Zotu.0357,Zotu.0930,Zotu.0781,Zotu.0668,Zotu.1059,Zotu.0184,Zotu.1294,Zotu.0242,Zotu.0491,Zotu.0217,Zotu.1034,Zotu.0472,Zotu.0462,Zotu.1874,Zotu.0584,Zotu.0407,Zotu.0129,Zotu.1378,Zotu.0350,Zotu.0021,Zotu.0205,Zotu.1244,Zotu.0180,Zotu.1206,Zotu.2043,Zotu.0779,Zotu.1761,Zotu.0387,Zotu.0940,Zotu.0575,Zotu.1576,Zotu.0701,Zotu.0183,Zotu.0307,Zotu.1965,Zotu.0353,Zotu.0413,Zotu.0855,Zotu.0906,Zotu.0933,Zotu.1239,Zotu.0659,Zotu.1850,Zotu.0495,Zotu.1728,Zotu.0962,Zotu.1602,Zotu.0761,Zotu.1261,Zotu.1625,Zotu.1534,Zotu.1100,Zotu.1323,Zotu.1284,Zotu.0032,Zotu.1516,Zotu.0746,Zotu.0963,Zotu.0891,Zotu.1342,Zotu.1582,Zotu.1314,Zotu.1319,Zotu.0727,Zotu.1106,Zotu.0364,Zotu.1549,Zotu.1370,Zotu.1861,Zotu.1605,Zotu.1041,Zotu.0951,Zotu.1528,Zotu.0984,Zotu.0451,Zotu.0553,Zotu.0530,Zotu.1242,Zotu.0811,Zotu.1492,Zotu.1773,Zotu.1278,Zotu.0061,Zotu.0688,Zotu.0010,Zotu.0667,Zotu.1666,Zotu.0212,Zotu.1854,Zotu.1052,Zotu.0248,Zotu.2038,Zotu.1076,Zotu.1390,Zotu.0877,Zotu.1043,Zotu.0655,Zotu.1219,Zotu.0596,Zotu.1574,Zotu.0108,Zotu.0202,Zotu.0027,Zotu.1238,Zotu.0038,Zotu.1453,Zotu.1713,Zotu.0759,Zotu.0014,Zotu.0733,Zotu.0066,Zotu.0255,Zotu.0198,Zotu.0366,Zotu.0116,Zotu.0214,Zotu.1509,Zotu.0269,Zotu.0002,Zotu.0158,Zotu.0003,Zotu.1766,Zotu.0017,Zotu.0020,Zotu.0673,Zotu.2025,Zotu.0095,Zotu.0975,Zotu.1158,Zotu.1394,Zotu.0058,Zotu.0201,Zotu.0681,Zotu.0104,Zotu.0007,Zotu.0401,Zotu.0909,Zotu.1071,Zotu.0459,Zotu.0515,Zotu.1864,Zotu.0291,Zotu.1498,Zotu.0340,Zotu.1376,Zotu.2023,Zotu.1971,Zotu.0660,Zotu.0386,Zotu.1718,Zotu.1300,Zotu.0720,Zotu.1075,Zotu.0971,Zotu.1847,Zotu.1801,Zotu.0241,Zotu.0508,Zotu.0296,Zotu.0504,Zotu.0730,Zotu.1048,Zotu.0976,Zotu.1548,Zotu.0501,Zotu.0651,Zotu.0763,Zotu.0188,Zotu.0244,Zotu.0100,Zotu.1247,Zotu.0429,Zotu.0942,Zotu.0331,Zotu.0543,Zotu.1907,Zotu.0355,Zotu.0751,Zotu.0381,Zotu.1526,Zotu.1011,Zotu.0831,Zotu.0535,Zotu.0436,Zotu.0142,Zotu.0819,Zotu.1050,Zotu.0318,Zotu.1877,Zotu.1928,Zotu.1976,Zotu.0923,Zotu.2052,Zotu.1449,Zotu.0804,Zotu.1070,Zotu.1113,Zotu.0755,Zotu.1107,Zotu.1285,Zotu.1717,Zotu.1148,Zotu.1259,Zotu.0814,Zotu.0001,Zotu.1633,Zotu.1517,Zotu.0992,Zotu.0835,Zotu.0595,Zotu.0601,Zotu.0888,Zotu.0921,Zotu.1138,Zotu.0121,Zotu.0444,Zotu.0162,Zotu.0787,Zotu.0810,Zotu.1036,Zotu.1693,Zotu.0406,Zotu.0297,Zotu.0833,Zotu.0723,Zotu.1742,Zotu.1428,Zotu.0321,Zotu.0439,Zotu.1426,Zotu.1085,Zotu.0330,Zotu.1787,Zotu.0841,Zotu.0233,Zotu.0289,Zotu.0153,Zotu.0319,Zotu.0802,Zotu.0585,Zotu.1793,Zotu.0813,Zotu.0562,Zotu.0373,Zotu.1430,Zotu.0410,Zotu.1454,Zotu.0050,Zotu.0754,Zotu.0159,Zotu.1661,Zotu.0145,Zotu.1665,Zotu.0699,Zotu.1495,Zotu.1035,Zotu.0147,Zotu.0506,Zotu.1321,Zotu.0161,Zotu.0689,Zotu.1563,Zotu.1746,Zotu.1358,Zotu.0548,Zotu.0664,Zotu.0966,Zotu.0721,Zotu.0275,Zotu.0174,Zotu.0128,Zotu.1859,Zotu.0550,Zotu.0009,Zotu.0091,Zotu.0600,Zotu.0278,Zotu.0309,Zotu.0409,Zotu.0194,Zotu.0052,Zotu.1404,Zotu.0022,Zotu.0332,Zotu.1017,Zotu.0259,Zotu.1089,Zotu.1066,Zotu.1942,Zotu.0719,Zotu.0144,Zotu.0302,Zotu.0019,Zotu.1403,Zotu.1253,Zotu.1184,Zotu.0375,Zotu.0461,Zotu.1502,Zotu.0295,Zotu.0995,Zotu.0948,Zotu.0614,Zotu.1639,Zotu.0576,Zotu.1893,Zotu.1470,Zotu.1369,Zotu.0168,Zotu.0148,Zotu.0172,Zotu.0057,Zotu.1551,Zotu.1427,Zotu.0551,Zotu.0519,Zotu.0797,Zotu.0726,Zotu.1185,Zotu.0735,Zotu.0018,Zotu.0926,Zotu.0011,Zotu.0005,Zotu.0492,Zotu.0200,Zotu.0954,Zotu.0924,Zotu.1467,Zotu.1141,Zotu.0096,Zotu.0280,Zotu.1186,Zotu.1948,Zotu.1362,Zotu.0154,Zotu.0615,Zotu.0907,Zotu.0537,Zotu.0399,Zotu.0500,Zotu.0026,Zotu.0594,Zotu.1129,Zotu.1452,Zotu.0627,Zotu.0370,Zotu.0094,Zotu.0155,Zotu.0245,Zotu.0037,Zotu.0310,Zotu.1591,Zotu.1637,Zotu.0505,Zotu.0186,Zotu.0085,Zotu.1018,Zotu.0199,Zotu.0849,Zotu.0354,Zotu.0262,Zotu.0396,Zotu.1377,Zotu.0649,Zotu.0185,Zotu.0434,Zotu.0525,Zotu.0435,Zotu.1299,Zotu.1286,Zotu.0638,Zotu.0282,Zotu.1990,Zotu.1087,Zotu.1578,Zotu.0731,Zotu.0338,Zotu.0382,Zotu.1506,Zotu.0684,Zotu.0565,Zotu.1006,Zotu.1503,Zotu.0315,Zotu.0263,Zotu.0393,Zotu.0418,Zotu.0069,Zotu.0231,Zotu.0320,Zotu.1592,Zotu.1954,Zotu.0127,Zotu.0042,Zotu.0883,Zotu.1690,Zotu.1142,Zotu.1604,Zotu.1483,Zotu.0254,Zotu.1488,Zotu.0265,Zotu.0884,Zotu.1810,Zotu.1182,Zotu.0518,Zotu.1057,Zotu.0101,Zotu.1931,Zotu.0305,Zotu.0488,Zotu.1040,Zotu.1341,Zotu.1202,Zotu.1944,Zotu.0644,Zotu.0712,Zotu.0197,Zotu.1540,Zotu.0764,Zotu.0580,Zotu.0540,Zotu.1676,Zotu.1060,Zotu.0748,Zotu.0065,Zotu.0670,Zotu.1234,Zotu.1442,Zotu.0454,Zotu.0385,Zotu.0152,Zotu.0335,Zotu.0967,Zotu.1701,Zotu.0299,Zotu.0267,Zotu.0064,Zotu.1529,Zotu.0468,Zotu.1213,Zotu.0852,Zotu.1188,Zotu.0527,Zotu.0536,Zotu.0943,Zotu.0004,Zotu.0698,Zotu.0237,Zotu.1873,Zotu.0211,Zotu.1019,Zotu.0549,Zotu.0226,Zotu.1271,Zotu.0228,Zotu.2006,Zotu.0908,Zotu.1058,Zotu.1988,Zotu.0628,Zotu.0031,Zotu.0120,Zotu.0449,Zotu.0692,Zotu.0118,Zotu.2001,Zotu.0203,Zotu.0150,Zotu.1486,Zotu.0036,Zotu.1876,Zotu.1227,Zotu.0443,Zotu.0510,Zotu.0529,Zotu.1866,Zotu.0234,Zotu.0426,Zotu.1555,Zotu.0215,Zotu.1074,Zotu.0857,Zotu.1320,Zotu.1395,Zotu.0054,Zotu.0062,Zotu.0046,Zotu.1447,Zotu.0043,Zotu.1249,Zotu.0284,Zotu.0016,Zotu.0124,Zotu.0097,Zotu.0235,Zotu.0070,Zotu.0303,Zotu.0193,Zotu.1433,Zotu.0323,Zotu.1250,Zotu.1997,Zotu.0509,Zotu.1587,Zotu.1936,Zotu.0256,Zotu.0034,Zotu.1473,Zotu.0348,Zotu.0141,Zotu.1706,Zotu.0122,Zotu.0969,Zotu.0089,Zotu.1189,Zotu.1001,Zotu.0391,Zotu.0903,Zotu.0252,Zotu.0081,Zotu.0862,Zotu.0693,Zotu.0554,Zotu.0707,Zotu.0800,Zotu.0750,Zotu.1440,Zotu.0634,Zotu.0160,Zotu.0818,Zotu.0288,Zotu.0271,Zotu.0024,Zotu.1225,Zotu.1925,Zotu.0247,Zotu.0008,Zotu.0067,Zotu.0080,Zotu.1734,Zotu.0583,Zotu.0053,Zotu.0138,Zotu.0073,Zotu.0115,Zotu.0219,Zotu.0035,Zotu.1132,Zotu.0808,Zotu.0713,Zotu.0082,Zotu.1260,Zotu.0165,Zotu.0799,Zotu.1465
LTS.MD1,0,1,0,0,3,746,0,0,0,0,0,0,0,0,0,781,0,1,0,0,0,0,390,0,0,364,0,0,0,0,0,82,33,247,0,0,0,0,247,196,335,0,0,0,0,0,0,0,0,0,0,0,0,0,0,0,0,0,0,0,0,0,0,0,0,0,37,0,0,0,0,0,0,0,0,0,0,1,0,0,0,0,0,0,0,0,0,0,0,0,0,0,0,0,0,0,0,0,1,0,48,0,0,0,0,0,0,0,0,0,0,0,0,0,0,0,0,95,0,0,0,0,0,0,0,0,0,0,0,0,0,0,0,0,0,0,1727,0,0,0,0,0,0,0,0,0,0,0,0,0,0,0,0,0,0,0,0,0,0,0,0,0,0,0,0,0,1044,2,0,629,0,0,215,0,0,0,0,0,0,0,0,0,406,0,0,0,4,0,0,266,0,0,0,0,0,0,10,0,0,5,1,2,8455,0,96,0,1,0,0,0,0,0,0,1622,0,2,0,0,0,0,0,0,0,3,0,0,0,0,0,0,6,0,0,0,0,0,0,0,0,0,0,0,0,0,0,0,0,0,0,0,0,0,0,0,0,0,0,0,0,0,639,0,0,0,0,9,0,0,0,0,0,0,0,0,11,0,0,0,0,0,0,0,0,0,0,0,2661,0,0,0,0,0,0,0,0,0,0,0,1,0,0,0,0,0,0,0,0,37,0,0,0,0,0,0,0,0,0,0,0,0,0,0,0,0,0,0,0,0,0,0,93,131,0,0,0,0,165,0,111,0,0,13,0,0,0,0,0,0,0,0,0,0,0,0,0,10959,0,294,158,0,0,0,5,0,0,2,0,0,0,0,0,0,2,0,2034,0,83,0,0,0,0,0,0,0,0,0,0,0,68,0,0,44,0,0,0,0,0,39,0,0,0,0,0,0,76,181,0,0,0,0,0,0,0,0,0,0,0,33,0,0,66,116,0,421,0,0,0,0,0,0,306,0,276,0,0,0,0,1,452,0,0,0,0,0,0,0,0,335,0,0,0,0,0,2,0,0,0,0,0,0,0,69,0,0,0,0,22,0,0,0,0,0,77,76,1,0,0,0,0,0,0,0,27,0,2,0,0,0,0,0,1,0,0,0,0,0,0,0,0,0,0,22,0,0,99,0,0,0,0,0,34,0,0,0,686,0,0,0,0,0,347,0,0,0,0,0,0,0,0,1443,0,0,0,0,0,0,70,0,0,0,0,0,0,0,3,0,0,0,270,13,0,0,96,823,0,0,0,0,0,0,0,0,0,0,0,0,0,0,187,0,132,1,229,0,146,1930,0,1,0,0,0,0,0,0,0,0,0,74,0,0,1151,0,0,0,0,0,0,884,0,0,0,0,0,860,0,0,0,0,0,0,0,0,0,0,0,0,1106,0,0,151,5538,24,748,0,0,0,0,615,0,149,995,0,0,0,324,0,0,0,0
LTS.MD10,0,0,0,0,234,3,0,0,0,0,0,0,0,0,0,0,0,1,0,0,0,0,0,0,0,0,0,0,0,0,0,0,0,0,0,0,0,0,0,97,0,0,0,0,0,0,0,0,0,0,0,0,0,0,0,0,0,0,0,0,0,18,0,0,0,0,0,0,0,0,0,0,0,0,0,0,216,207,0,0,0,0,78,0,0,0,0,0,0,0,0,371,0,0,0,0,0,0,0,0,0,3,52,0,0,0,0,0,0,0,0,0,0,0,0,0,0,0,0,186,0,0,0,2,0,0,0,0,0,0,0,0,0,0,0,0,0,0,0,0,0,0,0,0,0,0,0,0,0,0,0,0,0,0,0,0,0,0,0,0,0,0,0,0,0,0,847,0,0,0,0,0,0,0,0,0,0,0,0,0,0,0,0,0,0,0,840,0,0,0,0,0,0,0,0,0,0,0,0,1,0,0,1317,0,1,0,0,0,0,0,0,0,0,0,0,0,0,0,0,0,0,0,0,0,0,0,0,0,0,0,0,0,0,0,0,0,0,0,0,0,0,0,0,0,0,0,0,0,0,0,171,0,0,367,0,0,0,0,442,0,0,0,0,0,0,0,0,0,0,0,0,0,0,0,0,0,0,0,0,0,0,0,0,0,0,0,1986,0,0,0,0,0,0,0,0,0,0,0,0,0,0,0,0,0,0,0,0,0,0,0,0,0,0,0,0,0,173,0,0,0,0,0,0,0,0,0,0,0,0,0,0,0,0,0,52,0,0,0,0,0,0,0,0,0,0,0,2,0,0,0,0,0,0,0,0,647,0,0,0,180,0,0,0,0,0,695,0,1,0,0,0,0,0,0,0,0,0,0,0,0,0,0,0,0,0,0,0,0,0,0,0,432,0,191,0,0,0,0,0,0,0,0,0,0,6,611,0,0,0,0,0,0,0,0,0,0,0,441,0,0,0,0,0,70,0,0,0,0,0,0,0,0,23,0,0,0,0,0,0,0,0,0,2,0,0,0,0,286,0,0,0,0,0,0,1,0,0,0,0,0,0,0,0,0,0,0,0,0,0,0,0,0,0,0,0,0,0,0,0,0,0,0,84,0,0,0,0,0,0,0,8,0,0,0,0,0,0,0,0,0,0,0,0,0,0,0,0,0,0,0,0,0,0,0,0,0,0,0,0,0,0,0,0,0,0,0,0,0,0,873,0,0,0,0,0,0,0,0,43,0,0,0,0,0,0,0,0,0,0,0,998,0,0,2156,0,0,0,0,0,0,203,0,0,0,0,0,0,0,0,0,0,0,0,0,0,440,0,0,1,0,0,0,0,0,0,0,0,0,0,0,0,0,0,0,0,0,0,14,0,0,0,0,0,0,0,0,0,0,0,0,0,0,0,0,0,0,0,0,0,0,0,274,0,0,0,0,0,0,0,0,2,0,0,0,3,0,0,0,0
LTS.MD11,0,0,0,0,0,735,0,0,0,97,0,0,0,0,0,0,0,178,0,0,0,0,0,0,0,0,0,0,0,0,0,0,2,0,0,0,0,0,0,128,0,0,0,0,0,0,0,0,0,0,0,376,0,0,0,0,0,139,0,0,0,0,0,0,0,0,0,0,0,0,0,89,0,0,0,0,0,0,0,0,152,72,527,0,98,0,0,201,0,0,0,0,261,0,0,0,0,0,305,0,0,0,64,0,0,0,0,0,0,0,0,46,0,0,0,0,0,20,0,0,0,0,0,0,0,227,0,81,0,0,128,0,0,136,0,0,0,0,0,0,0,0,0,0,0,0,0,182,65,0,0,0,0,0,0,0,0,0,0,0,0,77,32,0,0,0,953,0,0,0,0,0,0,0,0,0,0,14,0,0,0,0,304,0,125,0,5,143,0,0,0,0,0,0,0,0,0,0,0,1,3,1,699,0,469,329,0,0,0,0,0,0,0,0,0,91,0,0,0,0,0,0,0,0,0,0,0,0,0,0,0,0,0,0,0,0,0,0,0,0,0,0,0,0,0,88,0,0,0,70,20,0,0,0,0,0,0,19,2,0,0,0,0,0,0,0,0,0,0,241,0,0,0,0,1,0,0,0,0,0,0,0,0,0,0,0,656,0,0,0,0,0,0,0,0,0,0,0,0,0,0,0,0,0,0,0,0,0,0,44,0,0,0,0,0,0,0,14,227,0,232,170,0,0,0,658,0,0,0,0,0,282,0,0,0,183,0,0,542,0,0,0,0,0,0,96,0,0,0,0,0,0,0,0,0,1,0,0,0,0,0,0,96,0,0,0,0,0,0,0,0,0,0,0,0,0,0,0,0,0,0,0,0,0,0,15,0,0,0,0,0,85,68,44,0,0,61,0,0,85,42,0,0,0,380,535,0,0,0,0,0,0,0,0,0,0,0,579,0,0,138,163,0,203,0,0,0,0,0,0,17,0,3,0,0,0,0,57,0,0,0,0,0,0,0,0,0,232,0,0,0,0,0,0,0,0,0,0,0,0,48,0,0,0,0,0,0,22,0,0,0,0,0,0,0,0,79,0,0,0,0,0,0,74,266,0,0,0,0,0,11,0,0,0,0,0,0,0,0,0,0,0,0,0,40,0,0,0,0,0,1,0,0,2,296,0,0,0,0,0,0,0,0,0,0,0,0,0,0,2561,0,0,0,2,0,0,0,0,0,0,0,0,0,330,0,0,0,0,0,0,0,25,0,577,0,0,0,0,0,0,0,0,0,0,0,0,0,0,2,0,0,0,63,0,0,681,0,0,0,0,0,1,0,0,0,0,0,0,0,0,0,0,0,0,0,168,176,0,0,0,0,0,0,0,0,0,0,0,0,0,0,0,451,0,0,0,0,0,0,0,1,0,0,0,0,3,22,281,0,160,3,0,0,0,240,0,47,0,0
LTS.MD12,0,0,214,0,0,0,0,0,0,0,0,0,0,0,0,0,0,0,0,0,0,1,0,0,0,0,0,0,0,0,306,0,0,0,144,0,1,0,0,499,2,0,0,0,0,0,0,0,0,0,0,0,0,0,0,0,0,0,0,0,0,0,0,0,0,0,0,0,0,0,0,0,0,0,0,0,0,0,0,0,0,0,0,0,0,0,0,1,0,0,0,0,0,51,0,0,0,0,36,0,0,1,0,0,0,0,0,0,0,0,0,0,0,0,1006,0,0,454,0,0,0,0,0,0,0,0,0,0,0,0,0,0,0,0,0,0,0,0,0,29,0,0,0,98,0,0,0,0,0,0,0,0,0,0,0,0,0,0,0,0,0,0,0,0,0,0,1697,0,0,0,0,0,0,0,0,0,0,0,0,0,0,0,17,0,0,0,0,0,0,0,0,0,502,0,0,0,0,80,0,0,2,0,366,0,651,0,0,0,0,0,0,0,30,0,0,0,40,0,0,0,0,0,0,0,0,0,0,0,0,0,0,0,0,0,0,0,0,0,0,0,0,0,0,0,0,0,0,0,252,56,0,153,0,116,0,0,0,0,0,0,0,0,0,0,0,0,0,0,0,0,0,0,0,0,42,0,0,0,0,154,0,0,0,0,0,0,3564,0,0,0,0,0,0,0,0,0,0,0,0,263,0,0,0,0,0,0,0,0,0,0,328,0,0,0,0,0,0,0,0,29,0,0,0,0,0,0,0,0,0,120,0,0,0,0,0,0,0,0,0,0,0,0,0,0,0,0,0,0,0,0,0,0,0,0,0,0,0,0,0,0,0,0,0,0,0,0,173,0,0,0,0,0,0,0,0,0,0,0,0,0,0,0,0,0,0,0,0,0,0,0,0,340,0,4710,75,0,0,0,0,0,0,0,0,0,1516,0,0,0,52,0,0,0,67,0,0,0,0,208,0,2,0,14,0,213,0,0,0,0,0,0,0,0,0,0,0,0,10,75,0,0,277,0,0,0,0,0,0,0,0,161,0,0,0,0,0,2,0,0,0,1,0,0,0,0,0,0,286,0,0,0,0,0,0,0,0,0,0,0,0,0,58,0,0,0,0,0,0,0,0,0,0,0,412,0,0,0,0,0,0,0,0,0,0,0,0,0,0,0,0,0,0,0,0,0,1,0,194,0,0,0,0,0,0,0,0,0,0,0,0,1432,0,2,0,44,0,0,0,0,536,0,0,0,0,0,0,0,0,0,222,0,0,0,0,2279,0,0,0,0,0,0,1,0,0,1061,0,0,0,0,0,206,57,0,0,0,173,149,0,0,587,0,359,97,0,0,0,0,0,0,0,0,0,0,0,0,0,0,0,0,0,0,0,0,0,0,0,0,0,0,0,56,0,0,0,0,0,0,0,0,0,0,0,0,0,0,0,0,0,0,0,0,0,0,0,0,0,0,0,0,0
LTS.MD13,0,0,0,0,0,0,0,0,0,0,2,0,0,0,0,0,0,0,0,0,0,0,0,0,0,0,0,0,0,0,0,0,0,0,0,0,0,0,0,0,0,0,0,0,0,0,0,0,0,0,52,0,0,0,0,0,0,0,0,0,0,0,0,54,0,0,3,0,0,16,104,0,46,0,0,0,0,1,0,0,0,0,0,1,0,0,0,0,0,0,0,0,117,202,0,0,90,0,0,0,120,1,263,118,15,12,0,0,38,0,21,0,0,0,0,1,0,533,0,0,0,0,0,86,0,0,0,490,0,0,0,0,57,0,184,64,0,0,0,2,163,0,0,0,0,0,0,378,43,0,0,0,0,0,0,191,0,0,0,0,268,0,0,38,0,0,333,0,0,0,0,0,0,0,0,0,0,2,126,0,0,0,829,0,0,121,0,0,0,0,0,361,0,0,0,0,101,0,0,0,0,0,521,0,115,111,0,0,6,0,0,0,1,0,0,0,0,0,0,0,0,0,0,0,0,0,111,0,0,0,0,0,0,0,0,0,0,33,0,0,0,0,96,0,0,0,0,0,0,49,30,0,0,0,0,0,0,0,0,0,0,0,0,0,0,0,0,0,0,0,0,0,0,0,174,0,0,0,0,0,0,0,0,0,0,235,26413,0,0,0,0,468,225,0,408,0,0,193,268,0,0,0,0,0,0,0,0,0,0,0,85,0,0,0,0,0,75,0,0,221,0,51,0,0,13,0,2,243,0,81,0,0,0,0,0,0,0,0,0,2,0,0,0,0,0,0,0,0,0,0,0,0,0,0,0,891,0,0,0,0,0,0,0,0,0,0,0,12,0,0,0,0,0,0,0,0,0,0,0,0,0,506,0,0,122,0,0,0,0,105,62,0,0,240,0,87,72,0,0,0,34,0,1,0,193,375,0,8,28,122,0,0,0,0,0,0,1,442,0,0,54,0,0,153,107,0,0,0,0,0,144,0,0,1,0,0,0,0,0,0,241,0,0,0,0,9,0,0,0,0,0,0,0,0,0,0,0,0,0,6,0,0,0,0,0,0,0,0,0,0,0,0,0,0,0,118,287,0,0,0,0,0,0,0,0,0,0,3,0,0,12,0,0,206,0,0,0,0,0,0,0,0,0,0,75,0,0,0,0,0,0,0,0,0,0,0,0,0,0,0,0,0,0,0,0,0,0,121,1,1015,0,0,0,0,0,0,216,0,0,0,0,0,0,0,101,0,0,0,183,0,0,26,0,525,0,0,0,0,0,0,3,0,0,0,0,0,0,0,2,0,182,0,89,0,4,0,0,0,0,0,0,3,16,17,0,15,0,0,0,0,0,0,168,0,0,0,0,0,0,0,0,0,0,0,0,0,0,0,172,0,0,0,0,0,0,0,0,0,0,0,441,254,0,0,0,0,0,3,0,0,0,0,0,0,0,0,0,0,0
LTS.MD14,0,484,0,0,0,0,0,0,0,0,0,0,0,0,0,0,0,0,0,0,0,0,0,0,0,0,0,0,0,0,0,0,0,0,0,0,0,0,0,0,0,0,0,0,0,0,0,0,0,0,0,0,0,0,0,0,0,0,0,0,0,0,0,0,0,337,0,0,0,0,455,0,0,0,0,0,0,0,0,0,0,0,0,0,0,0,0,0,0,0,0,0,79,0,0,0,0,0,0,0,1,0,0,0,1,0,0,0,0,0,0,0,0,0,0,0,0,0,0,0,0,0,0,0,0,0,0,0,0,0,0,0,0,0,0,0,0,0,0,0,0,0,0,0,0,0,0,0,0,0,0,0,0,0,0,0,0,0,0,0,0,0,0,0,0,0,628,0,0,0,0,0,0,0,0,0,119,0,0,0,0,0,317,0,0,0,0,0,0,0,0,0,0,0,0,0,0,638,0,0,0,0,1029,0,1,0,0,0,0,0,0,0,0,0,0,0,0,0,0,0,0,0,0,0,0,0,0,0,0,0,0,0,0,0,0,0,0,0,0,0,0,0,0,0,0,0,0,0,0,0,0,0,0,0,0,0,0,0,0,0,0,0,0,0,43,0,0,0,0,0,0,0,0,0,9,0,0,0,0,0,0,0,0,0,0,0,257,0,0,0,0,0,0,0,0,0,0,0,0,0,0,0,0,0,0,0,0,0,0,0,0,0,0,0,0,229,0,0,0,0,0,0,0,0,0,0,0,0,0,6,0,0,0,0,0,0,0,0,0,0,0,0,0,0,0,0,0,0,0,0,0,1,0,0,0,0,0,0,0,0,0,0,0,0,0,0,0,0,0,0,0,0,0,0,22,0,0,0,0,0,0,0,0,0,0,0,0,0,0,0,0,0,0,0,0,0,0,0,0,0,0,0,0,0,19,77,0,0,0,0,0,0,0,0,0,0,0,0,0,0,0,0,0,0,0,0,0,0,0,0,0,0,0,0,0,0,0,0,0,0,0,0,539,0,0,0,350,0,0,0,0,0,0,0,143,0,0,0,0,0,0,0,0,0,0,0,0,0,0,0,684,0,0,0,0,0,0,0,0,0,0,0,0,0,548,0,0,0,0,0,22,0,0,0,0,97,0,0,0,0,0,0,0,0,0,0,0,0,0,0,0,0,0,0,0,0,0,0,0,0,0,0,582,0,0,0,0,0,0,1381,0,0,0,0,0,0,0,0,0,0,0,0,0,0,0,1,0,0,0,0,0,0,0,81,0,0,0,0,0,0,0,0,0,0,0,0,0,0,0,0,0,0,78,0,0,0,0,0,0,0,0,0,0,0,0,0,0,0,0,0,0,0,0,0,0,0,0,0,0,0,0,0,0,0,0,0,0,0,0,0,0,0,0,0,0,0,0,0,0,0,1,0,0,0,0,0,0,176,0,0,0,0,0,0,0,0,0,0,0
LTS.MD15,0,744,0,0,0,435,0,0,160,0,0,0,0,0,0,0,0,0,0,0,0,0,0,0,0,0,0,0,0,0,0,0,0,0,0,0,1,0,536,479,33,0,0,0,0,0,0,0,0,0,0,0,0,0,0,0,0,0,0,0,0,0,0,0,0,0,396,0,0,0,0,0,0,0,0,0,0,0,0,0,0,0,85,226,0,0,0,472,0,0,396,0,0,0,0,0,0,0,0,0,0,29,0,0,0,0,0,0,0,0,0,0,0,0,0,33,0,0,0,55,0,0,116,0,0,0,0,0,0,0,0,0,0,0,0,0,0,0,0,0,0,106,0,0,0,0,0,0,0,0,0,0,0,0,0,175,0,0,0,19,0,0,0,0,4292,0,983,0,0,0,0,0,0,0,0,0,0,0,0,0,122,0,202,0,371,0,194,0,0,0,0,0,193,0,2,0,0,0,0,6,15,161,2026,0,685,809,0,0,0,0,0,0,374,0,0,0,0,0,0,0,0,0,0,0,0,0,0,0,0,0,0,0,0,0,0,0,0,0,232,0,0,0,0,0,0,0,0,0,0,0,0,0,0,1,0,674,0,0,0,0,0,0,0,0,0,0,0,0,0,0,0,0,0,0,23,0,0,0,0,0,0,0,0,0,0,0,922,0,0,0,0,0,0,0,0,0,0,204,0,0,0,0,0,0,0,0,0,0,0,0,0,0,0,0,0,0,0,0,0,0,0,0,0,0,0,0,0,0,0,30,0,13,0,0,0,0,0,0,0,0,0,0,0,0,0,0,0,0,0,0,1,0,0,0,2,489,0,0,0,0,13,0,0,0,3,0,0,998,0,0,0,0,0,0,0,0,0,0,0,0,0,0,0,0,0,0,0,0,0,0,211,0,4,0,0,0,0,0,0,0,0,0,496,0,2111,3317,0,0,0,0,0,0,0,1,0,0,1,109,0,0,0,0,0,178,0,0,0,0,0,0,0,0,0,0,74,0,0,1276,0,185,17,0,0,0,72,0,0,0,367,0,0,0,0,0,0,0,0,0,0,226,0,0,0,0,0,0,1,326,0,0,227,0,0,0,0,0,446,0,0,0,0,0,0,0,0,0,0,0,0,0,48,0,0,0,0,0,0,0,0,0,0,0,0,0,0,0,0,0,0,0,0,0,0,0,0,0,0,0,0,232,35,0,0,0,0,0,0,0,0,4857,0,0,0,659,0,0,60,0,0,0,0,0,0,0,0,0,497,0,286,0,0,0,0,600,0,0,0,0,0,0,0,0,0,0,0,0,0,0,244,248,0,0,202,0,107,1334,0,0,0,0,0,177,0,277,0,0,0,0,0,0,0,0,0,0,0,234,0,0,0,0,0,0,0,0,0,0,0,0,260,354,0,0,0,0,0,0,0,0,0,0,0,0,0,0,0,0,0,0,0,0,0,0,0,0,0,0,0,0,0
LTS.MD16,0,0,0,0,0,148,0,0,0,0,0,0,0,0,0,0,0,0,0,0,0,0,0,0,0,0,0,0,0,0,0,0,0,0,0,0,0,0,259,0,0,0,0,0,0,0,0,120,0,0,0,0,0,0,0,0,0,0,0,0,0,0,0,0,0,0,477,0,0,0,0,0,0,0,0,0,0,293,0,0,0,0,0,0,0,0,0,0,0,0,0,0,0,2,266,0,0,0,5,0,0,181,169,0,0,0,0,0,0,0,0,0,0,0,257,0,0,0,0,2,0,0,0,0,0,0,0,0,0,0,0,0,0,0,0,0,2,0,0,0,87,0,0,0,0,0,0,289,0,0,0,0,0,0,0,0,0,0,0,0,0,0,0,0,0,0,492,0,0,0,0,0,0,0,0,0,0,0,0,0,102,0,415,0,0,0,0,0,0,0,0,0,2,0,0,0,116,0,0,0,1,0,201,0,0,0,0,0,0,0,0,0,0,0,0,0,0,0,0,0,0,205,0,0,0,0,0,0,0,0,0,0,0,0,0,0,0,0,0,0,0,65,0,174,0,0,0,0,0,0,0,0,0,0,0,0,0,0,0,271,0,0,0,245,330,241,123,0,0,0,0,0,0,0,42,0,0,0,0,0,0,0,0,0,0,0,3462,0,0,0,0,0,336,0,0,0,0,71,0,0,0,0,0,0,0,0,0,0,0,0,0,0,0,0,0,0,0,0,257,0,0,0,0,0,174,0,0,0,0,25,0,83,0,0,0,0,0,0,48,1,0,0,0,0,0,0,0,0,0,0,0,0,66,0,0,0,0,0,0,0,0,0,0,0,0,0,0,0,0,0,0,0,1491,593,0,0,0,0,0,0,0,0,0,0,0,0,0,0,0,0,0,671,0,0,0,0,0,0,0,0,0,0,134,0,1806,105,1,0,0,92,0,0,0,0,0,0,0,1356,0,59,0,34,0,1138,87,0,0,11,0,0,0,0,540,0,0,0,0,0,0,0,93,0,0,0,52,90,0,0,181,0,0,0,0,0,0,1,0,0,0,0,0,0,1,0,0,0,96,0,0,0,0,0,243,0,0,0,374,0,52,0,0,0,232,0,0,0,0,0,0,0,16,0,0,1,0,0,0,0,0,0,0,0,0,174,0,0,0,0,0,0,0,0,0,0,448,0,0,0,0,0,0,0,0,0,0,0,0,352,0,1448,0,0,0,0,170,0,0,0,30,0,0,0,0,0,7530,0,79,0,2020,0,0,0,0,611,0,0,0,0,0,0,0,0,0,0,0,0,0,0,3,0,588,0,60,0,0,263,0,0,0,0,0,2,84,1119,0,0,0,0,0,0,0,0,0,0,0,159,0,0,0,0,0,0,0,0,0,0,0,0,0,0,0,0,0,0,0,0,3,0,0,212,74,131,0,0,0,3,2,0,0,0,0,0,0,0,340,0,0,238,0
LTS.MD17,0,0,0,0,0,0,0,0,304,0,0,0,0,0,0,0,0,0,0,0,0,0,0,0,0,0,0,0,84,0,0,0,0,0,0,0,0,0,0,66,0,0,0,0,0,0,0,0,0,0,0,560,0,0,0,0,0,0,0,0,0,0,26,0,0,0,105,0,0,0,0,0,0,0,0,0,0,0,0,0,0,73,16,0,0,0,0,0,0,0,85,0,0,318,0,0,0,45,0,101,35,0,0,0,0,0,0,0,0,0,0,0,0,0,0,0,0,51,0,164,0,0,0,0,0,0,0,0,0,0,0,0,0,0,0,0,1,0,0,0,77,0,0,0,0,0,0,91,0,0,0,0,0,0,0,0,0,0,0,0,0,80,0,0,0,0,210,66,0,0,0,0,48,11,78,0,0,0,0,120,14,0,0,0,0,0,0,0,0,0,70,0,129,0,0,0,0,0,0,0,0,0,344,0,367,125,0,0,0,0,0,0,0,0,44,0,0,0,0,0,0,33,0,0,0,118,0,0,0,0,0,0,0,0,0,0,0,0,0,0,112,0,0,0,0,0,0,0,0,0,0,0,0,0,0,0,0,0,0,0,0,81,0,0,0,0,11,0,0,0,0,0,0,0,10,0,0,0,0,0,0,0,0,0,93,0,756,62,0,0,0,0,0,0,0,0,0,0,0,0,0,0,0,0,0,0,140,0,0,0,0,0,0,30,0,0,5,0,24,2,0,0,0,0,0,0,0,0,83,291,0,54,54,70,0,0,0,0,251,0,0,0,0,0,0,0,0,0,0,0,45,0,301,0,0,217,0,0,0,0,0,0,0,0,131,0,0,61,0,0,0,0,0,0,4,0,0,0,66,0,0,0,0,0,0,0,0,0,0,0,0,0,25,0,0,0,0,0,0,0,0,0,239,0,205,299,0,0,173,0,0,0,0,0,0,0,0,164,0,58,3,45,0,45,0,0,0,0,0,121,242,0,129,31,0,0,0,0,0,0,0,0,0,0,0,0,0,18,0,0,0,0,0,0,42,0,0,0,15,12,0,19,12,0,0,0,0,0,0,0,0,0,0,0,0,0,1180,0,0,0,0,0,0,0,0,0,0,0,20,0,0,30,24,33,0,0,0,0,0,0,0,0,0,0,0,0,0,0,0,0,0,0,0,238,0,0,0,0,0,0,0,0,0,0,0,0,0,77,0,1705,200,0,0,0,0,0,0,0,0,0,0,0,0,0,0,0,0,0,127,0,0,0,0,946,0,0,0,0,0,0,0,0,0,0,0,0,0,0,744,382,39,0,28,0,0,8086,0,280,1,0,240,107,0,0,0,0,0,0,0,0,0,0,0,0,0,1014,21,0,0,0,0,0,0,0,0,0,0,0,0,35,0,0,0,0,0,0,0,121,0,0,0,0,0,0,0,0,0,0,0,74,175,0,0,0,126,0,34,0,0
LTS.MD18,0,0,0,0,0,1280,0,0,0,0,0,0,0,0,0,0,0,845,0,0,0,0,0,0,0,0,0,0,0,0,0,0,0,0,0,0,0,0,1,0,311,0,0,0,0,0,0,0,0,0,0,0,0,0,0,0,0,0,0,0,0,0,0,0,218,0,24,0,0,0,8,0,0,0,0,0,0,0,0,0,0,143,0,0,0,0,0,99,0,0,0,0,0,0,0,0,0,0,235,0,0,1,0,0,0,0,0,0,0,0,0,0,0,0,0,0,0,0,0,0,0,0,0,307,0,0,0,0,0,0,95,0,0,0,0,0,0,0,0,0,417,0,0,0,0,0,0,0,0,0,25,0,0,0,0,0,0,0,0,0,0,0,0,0,0,0,285,0,0,0,0,0,0,0,0,0,0,0,0,0,0,0,585,0,212,0,0,0,0,0,0,0,1581,3,0,0,56,0,0,1,2,0,4700,0,157,0,0,0,0,0,0,0,0,0,0,1,1,0,0,0,0,0,0,0,0,0,0,0,0,0,0,0,0,0,0,0,0,0,0,0,0,0,0,0,0,0,0,0,0,326,0,0,0,0,0,0,0,0,0,0,0,0,0,0,0,0,0,0,0,763,0,0,0,0,73,0,0,0,0,0,0,0,0,0,0,0,8453,0,0,0,0,0,0,0,0,0,0,396,0,0,0,0,0,0,0,0,0,0,0,0,0,0,239,0,0,0,0,0,0,0,0,0,0,0,0,0,0,0,0,325,0,238,0,0,0,0,0,0,0,0,0,2,0,0,0,0,163,0,0,0,1,348,0,0,0,1996,0,0,0,0,0,0,0,0,71,0,0,420,0,0,0,0,0,0,0,0,0,134,0,0,0,0,0,0,0,0,351,0,0,0,0,1,0,0,0,0,0,0,0,0,0,0,317,210,1126,3578,311,0,0,0,0,0,0,0,0,0,0,30,0,0,0,0,0,0,348,0,0,50,0,0,0,0,468,0,0,0,256,0,0,0,38,0,103,270,0,0,0,0,0,0,0,0,0,0,0,3,0,0,0,0,0,0,0,0,0,0,0,0,0,0,89,0,0,0,0,54,246,0,0,115,0,0,0,0,0,0,0,0,0,0,84,0,0,343,0,0,0,0,0,0,0,0,0,0,0,0,0,0,0,0,0,0,0,0,0,0,0,0,0,0,0,0,0,0,0,0,0,0,0,3332,0,0,0,0,0,0,0,0,258,0,0,0,0,0,0,0,0,0,256,0,0,190,0,1023,0,0,0,0,0,0,0,0,0,0,0,0,0,0,1,0,0,86,1,0,0,630,280,0,0,0,0,640,0,0,0,0,0,0,0,0,0,0,0,66,0,0,0,312,0,0,0,0,529,971,0,0,0,0,0,0,84,0,0,0,0,0,0,0,0,464,77,260,34,0,0,64,44,196,545,553,330,0,0,0,428,0,0,0,0
LTS.MD19,0,0,0,0,0,278,0,0,0,0,0,0,0,0,0,194,0,0,0,0,0,2,0,0,0,0,0,0,0,0,0,0,501,0,0,0,1,0,0,186,0,0,0,0,0,0,0,0,0,0,0,0,0,0,0,0,0,0,0,0,0,0,0,0,0,0,488,0,0,0,0,0,0,0,0,0,0,0,0,0,0,539,0,0,0,0,0,491,0,0,0,0,0,263,0,0,0,0,0,0,0,0,0,0,0,0,0,0,0,0,0,0,0,0,0,0,0,0,0,0,0,0,0,0,0,0,0,0,0,0,0,0,56,0,0,0,0,0,0,0,0,0,0,0,0,0,0,0,0,0,0,0,0,0,0,0,0,0,0,0,0,0,0,0,0,0,2158,0,0,0,0,0,0,0,0,0,0,0,0,0,0,0,0,0,0,0,0,0,0,0,0,0,2,887,0,0,5,0,0,2,3410,1,5849,0,2080,2,0,0,0,0,0,0,0,0,0,0,0,0,0,0,0,0,0,0,0,0,0,0,16,0,0,0,0,0,0,0,0,0,0,0,59,0,0,0,0,0,0,0,0,2,0,0,0,0,0,0,0,0,198,0,0,0,0,0,0,0,0,0,0,0,0,0,0,0,25,0,0,0,0,0,0,0,0,0,0,0,1766,0,0,0,0,0,0,0,0,0,0,0,0,0,231,0,0,0,0,0,0,0,0,0,0,0,0,0,0,0,0,0,0,0,0,0,0,0,0,0,0,0,0,214,0,0,0,0,0,0,0,0,0,0,0,0,0,0,0,0,0,0,0,0,0,0,0,0,0,2045,0,0,0,0,0,0,0,0,0,0,0,0,0,0,0,0,0,0,0,0,0,0,0,0,0,0,0,0,0,0,0,0,0,0,45,0,0,104,0,0,0,0,0,0,0,0,0,0,834,1518,0,286,0,0,0,0,0,0,0,0,0,0,291,0,0,0,0,173,0,0,0,0,151,0,0,0,651,0,0,0,0,0,0,0,0,0,0,0,0,0,0,0,0,0,0,0,0,0,0,1,0,0,0,0,0,0,0,0,0,0,0,0,0,0,0,0,0,0,0,0,0,0,0,0,0,0,0,0,0,0,0,0,0,0,194,0,0,0,0,0,0,0,0,0,0,0,0,0,175,0,0,0,0,0,0,0,0,579,0,0,0,0,0,0,0,0,0,0,0,0,0,0,0,2964,0,0,0,143,0,0,0,0,0,0,192,0,0,0,0,0,0,0,463,0,255,0,0,1587,0,0,0,0,0,0,0,0,0,0,0,0,0,0,0,240,195,0,0,0,317,0,0,0,600,0,0,597,0,0,0,0,0,0,0,0,0,0,0,0,0,0,0,200,0,0,0,0,209,0,0,0,0,0,0,0,0,0,0,0,0,0,0,0,0,0,733,0,625,0,0,172,0,414,0,0,830,0,0,0,308,0,0,0,0
LTS.MD2,0,578,0,0,44,0,0,0,0,0,0,0,0,0,0,0,0,0,0,0,0,1,1,181,0,0,0,0,0,0,0,0,0,0,0,368,1,0,53,667,0,0,0,0,902,0,0,0,0,0,233,0,0,0,0,0,0,0,0,0,0,0,0,0,0,0,25,0,319,0,0,0,0,0,0,0,0,0,0,0,35,0,316,0,5,0,0,0,0,0,0,31,0,0,0,0,0,527,840,0,463,508,0,0,78,0,0,256,0,0,0,384,0,0,0,0,0,52,0,0,221,0,0,0,0,0,0,296,0,0,0,0,0,153,0,0,667,0,0,0,0,0,0,0,0,0,0,0,0,0,0,64,0,0,0,0,0,0,389,0,0,0,0,0,0,0,4279,0,0,0,0,0,0,0,0,0,0,0,0,0,0,0,538,0,181,0,141,0,0,0,0,0,752,0,0,0,0,0,0,0,1,7,560,0,97,933,0,0,0,0,0,0,0,0,0,0,2,0,0,0,230,0,0,0,0,0,0,0,0,0,0,0,0,0,0,0,0,0,0,0,0,0,0,0,0,0,0,0,0,0,0,26,119,2,0,0,0,0,2,0,0,0,82,0,0,614,0,0,0,0,0,0,0,0,16,0,0,0,0,48,0,0,0,0,0,0,3305,0,0,0,0,0,0,0,0,0,0,506,0,0,0,0,0,0,646,0,0,0,0,0,0,0,0,0,0,0,0,1,0,0,0,0,0,0,0,0,0,0,0,0,0,27,0,0,0,0,0,0,0,0,0,0,0,0,0,0,0,0,0,0,0,3,0,0,0,1,0,0,0,0,0,0,0,0,0,0,0,0,0,0,0,0,0,1236,0,0,0,0,0,0,0,0,0,0,0,0,0,0,0,0,141,95,0,36,0,0,0,54,86,0,139,0,0,0,1024,315,0,20,0,12,0,151,1,0,0,0,0,158,0,0,0,121,0,1915,0,0,0,168,0,0,0,0,0,0,0,0,23,0,0,0,0,0,0,0,0,0,0,527,0,0,0,0,0,0,0,5,0,0,0,0,0,0,0,0,0,0,0,0,0,0,0,0,0,0,0,0,471,0,0,0,0,0,54,0,0,0,0,0,13,0,14,0,0,0,0,0,0,0,0,0,0,0,0,0,0,0,0,0,0,0,0,0,0,0,0,0,0,0,0,0,0,0,0,0,0,0,0,0,0,1626,0,1,0,0,0,0,328,0,61,0,0,0,0,0,148,0,0,0,207,0,0,0,0,1908,0,0,0,0,383,0,0,0,0,0,0,0,0,0,194,159,200,0,93,0,0,0,0,0,1,0,207,255,0,355,0,0,0,0,0,0,0,0,0,0,0,0,0,0,0,0,0,0,0,0,0,0,0,0,0,0,0,0,0,0,0,0,0,0,0,0,0,0,0,0,0,0,0,0,0,0,1326,0,0,0,0,0,0,0,0
LTS.MD20,0,0,0,24,0,21,0,0,0,0,0,0,0,0,0,0,0,0,0,0,0,0,0,0,0,0,0,0,0,0,0,0,0,0,0,0,0,0,0,0,37,0,0,0,0,0,0,0,0,0,0,0,0,0,0,0,0,0,0,0,0,0,0,0,0,0,0,0,0,0,0,0,0,0,0,0,0,0,0,0,0,0,0,0,0,0,0,0,0,0,0,0,0,0,0,0,0,0,0,0,0,2,0,0,0,0,0,0,0,0,0,0,0,0,0,0,0,0,0,0,0,0,0,0,0,0,0,0,0,0,0,0,0,0,0,0,0,0,0,0,0,0,0,0,0,0,0,0,0,0,0,0,0,0,0,0,0,0,0,0,0,0,0,0,0,0,96,0,0,0,0,0,0,0,0,0,0,0,0,0,0,0,0,0,0,0,0,0,0,0,0,0,0,0,0,0,16,276,0,0,313,0,438,0,66,0,0,0,0,0,0,0,0,69,0,7,0,0,0,0,0,0,0,0,0,0,0,0,0,0,0,0,0,0,0,0,0,0,0,0,56,0,0,0,0,0,0,0,0,0,0,0,0,0,0,0,0,0,0,0,0,0,0,0,0,0,0,0,0,0,0,0,0,0,0,0,0,0,0,0,0,0,0,0,0,0,163,0,0,0,0,0,0,0,0,0,0,0,0,0,0,0,0,0,0,0,0,0,0,0,0,0,0,0,0,0,0,0,0,0,0,0,0,0,0,0,0,0,0,145,0,0,0,0,0,0,0,0,0,0,0,0,0,0,0,0,0,0,0,0,0,0,0,0,0,591,0,0,0,0,0,0,0,0,0,0,0,0,0,0,0,0,0,0,0,0,0,0,0,0,0,0,0,0,0,0,0,0,0,0,99,0,135,0,0,0,0,0,0,0,0,0,0,0,793,183,0,0,0,0,0,0,0,0,0,0,0,0,0,0,0,44,0,0,0,0,0,0,0,0,0,0,194,0,0,0,0,0,40,0,0,0,0,0,51,0,0,0,0,0,0,0,0,0,0,3,0,0,0,0,0,0,0,0,0,0,0,0,0,0,0,0,0,0,0,9,0,0,0,0,0,0,0,0,0,0,0,0,0,0,30,0,0,0,0,0,0,0,0,0,0,0,0,0,0,0,0,0,0,0,0,0,0,0,129,0,0,0,0,0,0,0,0,0,0,0,0,56,0,342,0,0,0,0,0,0,239,0,51,0,0,0,0,0,0,0,0,0,0,0,0,130,0,7,0,0,0,0,0,0,0,0,0,0,0,0,0,0,138,0,0,0,113,0,0,4,0,0,0,0,2,0,0,0,0,0,0,0,0,0,13,0,0,0,0,49,0,5,0,0,0,0,0,0,0,0,0,0,0,0,0,0,0,0,0,0,73,0,0,0,56,0,0,0,0,97,0,0,0,0,0,0,0,0,37,0,0,0,0
LTS.MD21,0,0,0,0,0,2,0,0,0,0,0,0,0,0,0,0,0,0,0,0,0,1,0,0,0,0,0,0,0,0,0,3,0,0,0,0,0,0,0,0,0,0,0,0,0,0,0,0,138,3,0,0,0,0,0,0,0,0,0,0,0,0,0,0,0,0,408,0,0,0,0,0,0,0,0,0,0,222,485,0,0,0,226,0,0,0,0,190,0,0,0,0,0,0,0,0,0,0,174,0,0,197,157,0,0,0,0,0,0,0,0,0,0,0,0,121,0,413,0,0,0,0,0,0,0,0,0,0,0,0,0,0,0,0,0,0,0,0,0,181,0,0,0,0,0,0,0,0,0,0,0,0,0,0,0,0,520,0,111,123,0,0,0,0,0,0,770,0,0,0,0,0,0,0,0,0,0,171,0,0,0,0,0,0,265,29,0,0,0,0,0,0,1,0,0,0,0,0,0,0,2,1499,1770,0,212,525,0,0,0,0,0,0,1,0,0,0,0,0,0,0,0,0,0,0,0,0,0,0,0,0,262,0,0,0,0,0,0,0,0,0,0,0,0,0,0,0,0,0,0,0,0,0,0,0,0,0,0,0,0,0,0,0,0,0,0,0,0,0,0,0,0,0,0,0,7,0,0,0,14,0,0,0,0,0,0,0,3429,0,0,0,0,0,0,0,0,0,0,0,0,0,0,0,0,0,0,0,0,0,0,0,0,0,0,0,0,0,468,0,0,715,0,0,0,0,0,0,88,0,0,0,0,0,0,0,0,0,0,0,0,0,0,0,0,0,0,0,0,0,0,0,0,0,0,0,0,0,0,0,0,0,13,0,0,0,0,0,0,0,0,0,0,0,0,0,0,0,0,0,0,0,0,0,0,0,0,0,0,0,0,0,144,0,79,0,0,0,330,74,0,0,0,0,0,0,1142,1181,0,0,0,0,0,0,0,0,0,0,0,0,0,0,0,0,0,673,0,0,0,0,0,0,0,0,1,471,0,0,0,0,0,0,112,0,0,0,109,0,20,0,0,0,0,0,0,0,1,5,0,0,0,0,0,0,0,0,0,0,0,0,0,0,0,0,0,0,0,214,27,0,0,125,0,0,17,0,276,0,0,119,0,0,24,0,0,0,0,0,0,0,0,0,0,0,0,0,0,0,0,0,0,0,0,0,0,0,0,0,0,0,0,34,0,0,0,0,0,0,0,0,218,487,0,0,0,0,0,0,209,118,0,0,0,0,0,0,0,0,0,0,0,0,0,0,0,390,0,0,0,0,0,0,0,0,0,0,0,0,0,0,318,0,0,0,0,0,0,0,0,0,0,0,0,347,0,0,0,0,0,0,0,0,0,0,0,0,0,128,0,0,0,0,0,0,0,0,0,0,0,0,0,0,0,0,0,0,0,0,0,0,0,0,0,0,488,0,0,0,0,129,0,0,169,0,0,0,0,0,0,0,0
LTS.MD3,0,0,0,0,0,124,0,0,0,0,0,0,0,0,0,0,0,0,81,0,0,0,0,0,0,0,0,0,0,0,0,0,0,0,0,0,0,0,0,0,0,0,0,0,0,64,93,0,0,0,0,379,0,0,0,0,0,0,0,0,0,0,0,0,0,0,360,0,0,461,0,0,0,500,0,118,0,267,0,0,1,30,0,0,0,0,0,152,0,0,0,1150,170,170,0,0,0,2,143,0,0,98,0,0,0,0,0,0,0,0,0,248,0,0,0,0,0,34,539,126,0,0,0,0,0,0,0,0,0,0,0,0,0,0,0,0,0,0,0,0,0,0,0,0,0,0,0,0,0,0,0,0,0,0,0,0,0,0,220,52,0,0,0,2,0,0,1358,0,0,0,0,0,0,0,0,0,0,0,0,63,0,0,366,0,1261,0,0,0,0,0,0,0,1,0,0,0,0,0,0,2,187,589,884,0,270,1,0,0,2655,12,0,0,0,0,0,0,0,171,0,0,0,0,0,448,0,0,0,0,0,0,0,0,0,0,0,0,0,0,0,0,0,0,106,0,0,0,425,0,0,217,0,361,0,2,0,864,367,0,0,0,0,0,0,0,0,0,33,0,0,0,0,0,0,0,16,0,0,0,0,0,0,0,0,241,0,0,4914,0,0,0,0,0,0,219,0,0,108,276,0,0,0,0,0,417,0,0,0,0,0,723,0,0,1,654,0,0,0,0,1048,1221,2,0,0,0,371,98,0,539,0,495,1,180,0,0,0,0,0,0,3260,0,0,0,0,0,0,0,0,0,0,0,0,316,0,0,0,300,0,0,0,0,0,0,670,0,0,0,0,0,0,0,0,0,131,0,0,0,0,0,0,0,0,0,0,0,0,0,129,0,84,0,286,90,661,24,0,0,0,0,0,276,0,0,0,0,192,361,0,0,0,0,0,0,0,0,0,0,0,597,0,0,0,292,0,674,0,0,0,177,0,0,0,0,354,0,0,0,0,0,0,0,0,0,0,0,16,0,0,74,0,0,160,0,0,0,3,2,0,0,0,163,451,0,0,0,0,0,44,0,0,0,0,0,295,0,0,0,0,0,0,21,0,0,170,0,0,208,0,0,306,0,124,0,392,0,0,0,0,0,0,0,0,67,0,0,0,0,0,0,90,0,0,0,0,0,0,0,0,0,0,0,0,0,0,0,0,0,0,211,0,970,0,0,0,0,145,354,0,0,96,0,0,0,0,0,0,0,0,0,160,0,0,418,0,1952,0,0,0,0,0,0,0,0,0,0,0,0,0,0,1,1005,68,0,1,129,0,1,0,0,1,0,0,120,0,480,0,0,0,0,0,0,0,0,0,0,0,0,0,0,0,0,0,0,0,0,0,0,0,0,0,0,0,1,0,0,0,0,0,0,0,0,0,0,0,0,0,2,2,405,278,0,0,0,0,0,505,0,0,0,0
LTS.MD4,0,404,0,0,321,0,0,0,0,0,0,0,0,0,0,0,49,76,0,0,0,0,0,43,0,0,0,0,0,0,0,0,0,0,0,0,0,0,0,2,0,0,0,0,0,0,0,0,0,0,0,174,0,0,0,0,0,0,0,0,0,50,0,0,0,0,48,0,0,0,0,217,117,0,0,0,0,312,0,0,0,0,25,0,0,0,0,0,0,0,0,0,0,115,3,0,0,52,0,0,0,750,0,0,0,128,0,0,0,0,0,0,0,0,0,0,0,29,0,0,0,0,0,93,0,0,0,0,0,122,0,0,77,0,0,0,801,0,0,0,0,0,0,0,0,0,0,109,0,0,0,0,0,0,0,0,0,202,105,0,0,0,0,0,1,0,1826,0,0,0,39,0,0,0,0,148,208,0,0,45,0,73,153,0,56,26,0,0,0,0,0,0,1,0,0,0,555,0,0,0,0,100,306,0,630,108,78,0,0,0,0,0,2,0,0,234,0,0,0,0,0,226,30,0,87,249,0,0,0,0,0,0,0,0,0,0,0,0,0,0,42,0,0,0,0,0,0,0,0,0,115,80,0,4,0,0,0,0,194,0,0,0,0,0,0,73,145,0,0,0,0,0,0,0,20,0,0,0,148,0,0,0,0,0,0,0,2811,0,0,0,0,0,0,0,0,0,0,0,55,2,0,0,0,0,0,0,0,0,100,0,128,0,0,0,0,0,61,0,211,734,0,0,0,0,0,0,0,0,0,1421,0,35,0,0,0,115,0,0,498,0,0,0,0,0,0,0,0,0,0,0,0,0,0,0,0,5,0,0,0,0,115,0,478,0,0,0,0,0,0,0,0,0,33,0,17,0,0,0,0,0,0,0,0,130,0,0,0,0,0,0,107,1,0,1,0,0,0,0,0,0,0,0,0,0,697,738,0,79,13,139,0,0,0,0,0,0,179,537,0,0,176,0,0,905,1,0,0,0,0,0,0,0,0,379,0,0,0,0,0,0,72,0,0,0,136,0,0,0,0,52,0,0,0,0,0,0,0,0,0,131,11,0,0,111,3,0,0,0,0,0,49,0,0,0,0,0,416,0,0,14,0,0,17,0,0,0,16,0,0,66,0,0,0,15,0,0,126,0,0,7,0,0,0,0,0,0,0,0,0,0,0,0,0,0,0,0,0,0,0,0,0,0,0,0,0,0,0,7,0,3429,0,0,0,0,0,0,95,0,674,0,0,0,0,0,0,81,0,0,0,0,0,0,0,2924,0,139,0,0,0,5,0,0,0,0,0,0,0,0,223,122,81,0,697,0,0,529,0,0,0,112,2,172,0,390,117,0,0,0,0,0,0,0,0,0,0,0,0,0,0,0,0,0,0,0,0,0,0,0,0,273,0,0,0,0,0,0,0,0,0,0,0,0,0,0,0,0,0,113,0,69,236,0,0,0,0,0,0,0,0
LTS.MD5,0,220,0,0,0,0,0,0,0,0,0,0,0,0,0,0,0,0,0,0,0,0,0,0,276,0,0,0,0,0,0,0,0,0,0,0,0,0,768,444,0,0,0,0,0,0,1,0,1,0,0,0,0,0,0,0,0,0,0,0,0,0,0,0,0,0,0,0,0,88,97,0,0,0,0,0,0,364,0,0,0,0,408,0,0,101,0,186,0,988,0,182,0,0,0,0,0,0,0,0,52,101,83,0,0,0,0,0,0,0,206,0,0,0,0,106,0,411,0,0,0,0,0,0,0,0,0,103,0,0,0,0,0,0,0,0,0,0,0,0,0,0,0,0,0,0,0,0,0,0,0,0,0,192,0,0,0,0,0,0,0,0,0,0,0,0,383,461,0,0,0,0,0,0,0,0,0,0,0,53,0,0,249,0,294,0,0,0,0,0,0,1,0,0,0,0,0,1,0,2,157,781,3039,0,39,296,0,0,0,0,0,0,331,0,0,0,0,0,0,0,0,0,0,0,0,0,0,0,0,0,0,0,0,0,0,0,0,0,0,0,0,0,0,0,0,0,0,0,0,0,0,0,0,0,0,43,0,0,0,0,0,0,0,0,0,0,0,0,0,0,0,0,0,0,152,0,0,0,24,30,0,0,0,0,0,3,5208,0,0,0,0,0,0,0,2,0,0,0,0,0,0,0,0,0,0,0,0,0,0,0,0,0,0,0,0,0,0,0,136,315,0,0,0,0,0,0,0,0,0,119,0,0,0,1,0,0,0,0,0,0,0,1,0,0,0,0,0,0,0,0,0,0,0,0,0,0,0,0,0,0,1,0,0,0,0,0,0,0,0,0,0,0,0,0,0,0,0,0,0,0,0,2,0,0,0,0,0,0,0,0,384,0,119,17,0,2,0,0,0,0,0,0,0,0,954,1012,0,0,0,27,0,0,0,0,0,0,0,778,0,58,1,0,0,1598,1,0,0,0,0,0,187,0,0,0,0,0,0,53,0,0,159,229,0,0,45,0,0,0,0,0,0,0,0,14,120,2,0,0,0,3,0,0,0,337,118,0,0,0,0,0,0,0,0,0,0,0,2,0,0,0,0,0,18,0,0,0,0,1,31,0,56,0,0,1,0,0,0,0,0,0,0,0,0,0,0,0,0,0,0,0,0,0,0,0,0,713,0,0,0,0,0,0,0,0,0,0,0,363,0,2393,0,1,0,0,0,0,148,1,143,0,0,0,14,0,0,0,0,0,0,0,0,214,0,1985,0,0,0,0,0,28,0,0,0,0,0,0,0,0,1,100,0,0,253,0,0,111,0,0,0,0,0,33,0,181,0,0,0,0,0,0,0,0,0,0,0,27,0,0,0,0,0,0,0,0,0,0,0,0,0,0,0,0,0,233,0,0,170,0,0,106,2,0,0,0,0,21,0,0,0,0,0,0,0,0,342,0,0,0,0
LTS.MD6,0,0,0,0,308,0,0,0,0,0,0,0,0,0,0,423,0,0,0,0,0,0,0,0,0,0,0,0,0,0,0,0,0,0,0,244,0,0,0,0,0,0,0,0,215,0,0,0,0,0,0,269,0,157,98,0,0,0,0,0,0,0,0,0,0,0,1,0,0,0,0,158,121,0,186,0,0,295,0,190,0,260,273,0,0,304,0,4,0,0,0,15,214,0,0,0,0,0,672,0,0,0,0,0,0,0,0,0,0,0,0,5,62,0,0,0,0,718,0,0,0,0,0,0,0,0,0,0,0,0,0,0,0,0,0,118,0,0,0,0,0,0,0,89,0,0,0,0,0,102,0,0,0,0,0,0,0,0,0,136,0,0,0,0,0,299,642,119,0,0,0,0,0,0,0,0,0,0,0,0,0,0,874,0,822,0,160,0,0,0,0,0,6,0,0,0,140,0,0,863,1,0,933,0,9,578,0,0,162,0,0,0,2,0,0,0,114,411,206,0,0,0,0,0,0,0,0,0,0,337,0,0,0,0,0,191,0,0,0,273,421,0,0,0,0,0,0,0,0,872,331,329,0,0,0,0,0,0,0,64,0,0,150,0,0,111,290,242,178,0,0,0,0,192,53,0,89,0,158,0,0,0,0,0,0,0,9976,0,0,0,0,0,0,0,0,142,0,0,0,0,0,0,0,0,154,0,0,0,0,0,132,0,0,128,35,0,175,183,1717,0,0,0,0,545,0,0,0,0,75,0,0,233,0,1426,0,0,0,0,250,0,0,0,0,0,0,0,0,0,0,0,0,0,123,0,0,0,0,0,0,0,0,0,19,0,0,0,0,0,0,163,0,0,0,0,1,0,0,0,180,0,0,0,0,0,0,0,0,0,0,0,62,166,40,345,0,0,0,0,0,0,0,0,5,0,1392,0,0,75,0,152,0,0,0,0,69,0,0,520,0,44,0,0,0,774,0,0,0,0,0,0,0,0,192,0,0,0,173,0,0,0,0,0,0,0,447,0,0,0,0,0,486,0,0,2,360,1,0,0,102,0,0,0,0,0,278,0,186,0,286,170,0,105,0,0,0,0,390,0,0,0,0,0,4,0,0,0,0,0,94,0,6,0,4,0,0,0,0,0,0,138,0,0,0,0,0,0,0,0,0,0,0,0,0,0,0,0,0,0,88,0,0,0,0,0,0,0,0,0,0,1922,0,0,0,24,0,0,0,0,50,0,88,0,0,0,136,0,0,0,0,0,0,4,0,193,0,0,0,0,0,0,0,0,0,0,164,0,0,0,0,1448,209,0,0,0,0,219,0,0,0,0,0,504,0,193,0,0,0,0,0,0,0,0,0,0,0,0,0,0,0,0,0,12,0,0,0,0,0,0,0,0,0,0,0,0,26,0,0,0,0,0,113,26,0,86,96,0,0,115,0,0,0,0,0,0,0,0,0,0,0
LTS.MD7,0,0,0,0,0,0,0,0,0,0,0,0,0,0,0,0,0,0,0,0,0,0,590,0,0,0,0,0,0,0,0,0,0,160,0,173,2,0,0,0,0,0,0,0,0,0,0,65,0,0,0,0,0,0,0,0,0,0,0,0,58,0,0,0,0,0,3,0,0,0,0,0,0,0,0,0,0,23,0,0,0,0,371,0,273,0,0,0,0,0,0,0,0,0,0,0,0,0,29,0,0,1171,0,0,0,0,0,0,0,0,0,0,0,0,0,0,0,0,0,0,0,0,0,0,0,0,0,0,0,0,0,60,0,0,0,0,0,0,0,0,0,0,0,0,0,0,155,157,0,0,0,0,0,0,0,0,0,494,0,0,0,0,0,0,2,0,1724,0,0,0,0,0,15,0,0,0,0,0,0,0,0,0,387,0,0,0,81,0,0,0,0,0,579,0,0,0,997,0,0,0,37,839,1986,0,1164,164,0,0,0,0,0,0,3,0,0,0,1,0,0,0,0,22,0,0,0,0,0,0,0,0,0,0,0,0,159,0,0,0,0,0,0,0,34,0,0,0,370,0,0,0,0,0,0,0,0,4,0,0,0,0,0,0,293,0,0,0,145,0,0,0,0,0,0,0,1,0,0,0,0,0,0,108,0,0,0,0,4431,0,0,0,0,0,0,0,0,0,0,0,0,0,0,0,0,0,0,0,135,0,0,0,365,0,0,102,0,0,0,783,0,291,0,0,45,154,0,0,0,0,0,0,0,947,0,0,0,0,0,0,378,0,0,0,0,0,0,0,0,0,0,282,0,0,0,0,0,0,231,0,0,0,0,0,0,0,0,0,0,0,0,0,0,0,0,0,0,0,0,0,0,0,0,231,192,0,0,0,0,0,0,0,58,0,363,33,61,0,0,0,0,0,0,0,210,0,424,223,0,0,0,0,0,0,0,0,0,0,40,6,5,1,25,0,0,1868,0,0,0,0,0,63,129,0,0,0,0,0,0,3,0,0,160,0,0,0,0,0,0,0,0,0,0,0,110,0,0,4,96,0,0,0,0,0,0,0,0,0,0,144,0,0,0,0,69,0,0,0,240,0,59,0,0,0,307,0,0,0,34,0,46,0,46,0,0,11,0,0,0,0,0,0,0,0,0,0,0,0,0,0,0,0,0,96,0,653,0,0,0,0,0,0,71,0,0,0,0,0,0,0,0,653,0,0,0,478,0,0,0,0,248,0,0,0,0,0,183,0,0,304,0,0,0,602,0,547,0,0,0,0,0,0,0,0,0,0,0,0,0,0,41,0,412,0,315,0,0,48,58,0,0,0,349,363,0,398,0,0,0,0,0,0,0,0,0,0,0,0,0,0,0,0,0,0,0,0,0,0,0,0,0,0,0,0,0,0,0,0,0,0,0,0,85,0,0,0,0,112,0,0,0,0,0,0,0,0,0,0,0,0,0
LTS.MD8,0,0,0,30,0,73,0,0,0,0,0,0,0,0,0,50,0,0,0,0,0,1,0,0,0,0,0,0,0,0,0,0,0,0,0,0,0,0,160,0,0,0,0,84,36,0,0,0,0,0,0,0,0,0,0,0,103,0,0,0,0,0,0,0,0,0,172,0,0,0,0,0,0,0,0,0,0,0,0,0,0,0,0,0,0,0,0,0,0,0,0,0,0,0,0,0,0,0,1,0,0,0,0,0,0,0,0,0,0,0,1,0,0,0,0,0,0,0,0,0,0,0,0,0,0,0,0,57,0,0,0,0,0,0,0,0,281,0,0,0,0,0,73,0,0,0,0,0,0,0,0,0,0,0,0,0,0,0,0,44,0,0,0,42,0,0,274,0,0,0,0,0,0,0,0,0,0,0,0,0,0,0,0,1,18,0,1,0,0,0,0,0,0,0,0,32,35,2,0,11,76989,72,173,49,63,84,0,0,0,0,0,13,601,0,0,89,1,0,0,0,0,29,0,0,0,0,0,0,0,0,0,0,0,0,0,0,0,0,0,0,0,0,0,0,0,0,0,0,0,0,0,0,0,0,0,0,0,0,1,0,0,0,0,0,0,0,0,0,0,0,0,0,20,0,31,0,0,0,0,0,0,0,0,0,0,0,976,0,0,0,0,0,0,0,0,0,0,0,0,0,0,0,0,0,0,0,0,0,0,0,0,0,0,0,0,0,0,0,0,75,0,0,0,0,0,0,0,0,0,19,0,0,0,0,51,0,0,0,0,0,0,0,0,0,0,0,0,0,0,0,100,0,2,0,0,90,0,0,0,0,0,0,0,0,0,0,0,0,45,0,21,0,5,0,2,0,0,0,0,0,0,0,0,0,0,0,0,0,0,0,0,13,0,0,0,0,0,0,0,0,0,0,0,0,66,622,0,0,23,0,0,0,0,0,0,0,0,16,0,0,0,26,0,197,0,0,0,17,0,0,27,0,38,0,0,0,0,0,6,0,0,0,0,0,3,0,0,0,0,0,30,0,0,0,56,0,0,0,0,121,33,0,0,137,0,0,0,0,7,0,0,0,0,0,0,0,56,0,0,131,0,0,0,0,0,0,0,0,0,0,7,0,13,2,0,0,0,0,0,0,0,0,0,4,0,0,0,0,0,7,0,0,0,0,27,0,0,0,0,0,47,0,0,0,0,0,8,124,0,370,0,0,0,10,0,0,0,0,0,12,0,0,0,0,3,0,0,0,28,0,1,34,0,4694,0,0,0,0,0,0,1,0,0,1,0,0,0,0,3,0,2,0,509,0,0,689,0,87,1,5,61,107,21,47,0,0,0,0,0,0,166,0,0,0,0,44,0,0,0,0,0,0,58,132,0,2,0,0,0,0,0,0,0,0,0,0,63,0,0,0,342,0,0,0,0,0,0,95,2,0,237,0,0,0,0,0,0,0,0
LTS.MD9,0,0,0,0,871,24,0,0,0,0,0,0,0,0,0,0,0,0,0,37,0,3,301,0,0,0,0,0,0,372,0,0,0,0,0,29,0,0,0,75,0,0,0,0,0,0,0,0,0,0,0,0,0,0,0,0,0,0,68,0,0,94,0,0,0,0,271,0,0,0,34,0,340,0,0,0,0,1033,0,0,0,0,365,0,323,0,0,0,119,0,0,0,0,0,0,0,144,0,0,0,0,0,0,0,0,0,0,0,0,0,0,213,0,0,0,0,16,49,0,1,0,0,0,0,0,0,0,0,0,0,0,0,0,0,0,0,0,0,0,0,1,0,0,0,0,0,0,0,0,0,0,0,0,0,86,0,149,0,0,0,30,42,0,0,0,0,1001,210,0,0,0,157,0,0,0,0,0,0,0,94,44,0,109,0,397,0,4454,0,52,0,2,0,482,0,0,260,23,71,0,20,18,386,1906,0,937,950,0,0,0,0,0,0,355,0,0,334,1,0,0,0,0,0,0,796,0,0,0,0,0,0,0,0,0,1,0,0,0,0,0,0,0,453,0,0,0,0,0,0,0,186,0,0,0,0,0,144,0,0,0,0,0,0,0,0,0,0,0,0,0,0,0,0,0,0,34,0,248,0,0,0,0,0,0,0,4,0,5130,0,0,0,0,0,0,0,0,0,0,0,0,0,0,0,0,0,0,261,0,0,0,0,0,0,0,0,0,0,0,589,593,0,0,0,0,0,0,0,0,0,0,3,0,686,0,0,0,0,0,0,417,414,0,290,0,0,0,0,240,0,0,0,0,0,0,0,0,1517,0,0,0,0,148,0,0,0,49,337,0,56,0,0,0,0,1,0,0,0,0,0,0,0,0,0,0,0,360,0,0,0,0,0,39,364,0,77,0,0,0,0,0,0,0,0,0,0,1011,1900,0,0,0,0,0,0,0,0,0,0,0,1147,0,0,0,0,0,1072,0,0,0,0,0,0,0,0,9,0,0,0,0,54,0,0,113,0,0,4,459,0,0,0,220,0,0,126,0,353,581,4,0,0,0,0,30,0,0,48,0,0,0,0,138,209,0,0,0,0,0,0,266,0,0,0,0,0,7,0,256,0,0,0,0,0,42,0,0,0,0,0,0,0,0,281,0,0,0,0,62,0,0,0,0,0,0,0,0,48,304,0,0,0,0,0,0,79,0,0,0,0,0,0,0,3126,1,0,0,0,0,0,691,0,0,0,0,0,0,0,0,0,0,0,37,0,0,0,0,1269,0,0,879,0,0,0,4,0,63,0,114,0,0,0,796,662,0,0,329,0,0,439,0,1,0,0,531,201,0,0,0,0,226,0,0,0,0,0,0,0,0,1,0,0,0,0,0,0,0,0,0,0,0,0,0,237,0,0,0,0,0,0,938,0,0,0,121,1,0,0,476,0,0,34,0,376,0,0,0,0,0,0,502,0,0
STS.MD1,0,0,0,0,1,0,0,0,0,0,0,0,0,0,0,0,0,0,0,0,0,0,0,0,0,0,0,0,0,0,0,0,597,0,0,0,0,0,861,427,814,0,0,0,0,0,0,0,0,0,0,0,0,0,0,0,0,0,0,0,0,0,0,0,0,0,0,0,0,0,0,0,0,0,0,0,0,0,0,0,0,0,0,0,0,0,0,0,0,0,0,0,0,0,0,0,0,0,14,0,0,0,0,0,0,0,0,0,0,0,0,0,0,0,0,0,0,0,0,45,0,0,0,0,0,0,0,0,0,0,0,0,0,0,0,0,0,0,0,0,0,0,0,0,0,0,0,0,0,0,0,0,0,0,0,0,0,0,0,0,0,0,0,0,0,0,463,0,0,0,0,0,0,0,88,0,0,0,0,0,0,0,0,0,2,0,0,0,0,0,0,0,0,0,0,0,0,0,0,0,1,0,367,0,27,0,0,0,0,0,0,0,0,0,0,535,0,0,0,0,0,0,0,0,0,0,0,0,0,0,0,0,0,349,0,0,0,0,0,0,0,0,0,0,0,0,0,0,0,0,0,0,0,0,0,0,0,0,0,0,0,0,0,0,0,0,0,0,0,0,0,0,0,0,0,0,0,0,0,0,0,0,0,0,0,0,0,0,0,0,0,0,0,0,0,0,0,0,0,0,0,0,0,0,0,0,0,0,0,0,0,0,0,0,0,0,0,0,0,0,0,0,0,0,0,0,0,0,0,0,0,65,0,0,0,0,0,0,276,0,0,0,0,0,0,0,0,0,0,0,254,0,0,0,0,331,0,0,0,0,0,0,0,0,0,0,0,0,0,0,0,0,0,0,0,0,0,0,0,0,0,0,0,0,0,0,0,0,0,0,0,0,0,0,0,0,0,0,0,0,0,0,94,0,695,1386,0,0,0,0,0,0,0,0,0,0,0,0,0,0,0,0,0,622,0,0,0,0,0,0,120,0,2,0,0,0,0,0,0,0,0,0,0,0,0,0,0,0,0,0,0,0,0,0,0,0,0,0,0,0,0,0,0,168,0,0,0,0,0,0,476,0,0,0,0,0,413,0,0,0,0,0,0,0,0,0,0,0,0,0,44,0,0,0,0,0,0,0,0,0,0,0,0,0,0,0,0,0,0,0,0,0,0,0,0,0,0,0,0,0,1,0,0,0,0,0,0,0,0,6162,0,0,0,0,0,0,0,0,0,0,0,0,0,0,575,0,0,0,107,0,0,0,0,920,0,0,0,0,0,0,0,0,0,0,0,0,0,0,124,6,0,0,0,0,0,452,0,0,0,0,0,0,0,0,0,0,0,0,0,0,0,0,0,0,0,0,0,0,0,0,0,0,4,0,0,0,0,0,0,0,0,295,0,0,0,0,0,0,0,0,177,4,50,0,0,1,0,114,0,0,0,0,0,0,0,0,0,0,0
STS.MD10,0,0,0,1219,0,69,0,0,0,0,0,0,0,0,0,334,0,764,0,0,0,0,0,0,0,0,0,0,198,0,0,0,0,0,0,0,0,0,700,101,1,0,0,0,0,0,0,0,0,0,0,0,0,0,0,0,0,0,0,0,0,0,0,0,0,0,803,0,0,0,0,0,0,0,0,0,0,0,0,0,0,0,0,0,0,0,0,1,0,0,0,0,0,0,0,0,0,0,0,0,0,232,0,0,346,0,0,0,0,0,0,0,0,0,0,827,0,205,0,0,0,0,0,0,0,0,0,0,0,0,0,0,0,0,0,0,1,0,0,0,0,0,0,0,0,0,0,0,0,0,0,0,0,0,0,0,0,0,0,0,0,0,0,0,0,0,713,0,0,0,0,0,0,0,0,0,0,0,0,0,0,0,0,0,0,0,0,0,0,0,0,0,0,0,706,0,0,0,0,2,2,328,3625,0,397,913,0,0,0,0,0,0,553,0,0,55,0,0,0,0,0,603,0,0,0,0,0,0,0,0,0,0,0,0,0,0,0,0,0,0,0,0,0,0,0,0,0,0,0,0,0,175,0,0,0,0,0,0,0,0,0,0,0,0,0,0,0,0,0,0,0,0,0,0,0,0,0,0,0,0,0,0,0,0,0,0,258,0,0,0,0,0,0,0,0,0,0,0,0,0,0,0,0,0,0,0,0,0,0,0,0,0,0,0,0,0,0,0,76,0,0,0,0,0,0,0,0,0,0,0,0,0,0,1,0,0,0,0,41,0,0,0,0,0,0,0,0,0,0,0,0,160,0,0,0,1322,0,0,18,0,0,0,0,0,532,0,0,0,0,0,0,0,0,0,757,0,0,0,0,485,0,0,0,188,0,0,0,0,0,0,0,0,0,0,0,0,0,0,0,0,0,0,944,0,3531,5040,0,453,19,0,0,0,1,773,190,0,0,0,0,0,0,0,440,0,0,0,0,0,0,51,248,0,1539,0,0,69,0,0,0,0,0,0,0,678,0,0,0,0,0,26,0,0,0,0,0,0,0,0,0,0,0,0,0,0,0,0,0,0,127,0,335,0,0,0,0,0,419,0,0,0,0,0,0,0,0,0,0,0,0,0,114,0,77,0,0,0,0,0,0,0,1335,0,0,0,0,56,0,0,0,0,0,0,0,0,191,0,0,0,0,0,205,0,0,0,239,0,205,0,0,2257,0,0,0,0,0,0,0,0,0,0,0,0,0,0,0,0,0,0,0,0,0,0,0,511,0,0,0,0,0,0,0,0,0,20,0,0,0,0,2526,0,0,0,0,0,0,1534,0,0,0,0,0,0,0,0,0,0,0,0,0,0,2,0,0,0,0,299,0,61,0,0,0,0,28,1,0,0,0,0,0,0,0,0,0,0,0,0,8,0,0,263,6,452,0,0,0,0,0,0,0,0,554,0,0,0,266,0,239,0,0
STS.MD11,0,0,0,64,0,515,0,0,0,0,0,0,0,0,0,0,0,0,0,0,0,0,0,0,0,185,0,0,0,0,0,0,0,0,0,0,0,0,0,0,0,0,0,0,0,0,0,0,0,0,0,0,0,0,0,0,0,0,0,0,0,0,0,0,0,0,0,0,0,0,0,0,0,0,0,0,0,0,0,0,0,0,0,0,0,0,0,0,0,0,0,0,0,0,0,0,0,0,0,0,0,0,0,0,0,0,0,0,0,0,0,0,0,0,0,0,0,0,0,0,0,0,0,0,0,0,0,0,0,0,0,0,0,0,0,0,0,0,0,0,0,0,0,0,0,0,0,0,0,0,0,0,0,0,0,0,0,0,0,0,0,0,0,0,0,0,168,0,0,0,0,0,0,0,0,0,0,0,0,0,0,0,0,0,0,0,0,0,0,0,0,0,1,0,0,0,0,0,0,1,0,0,1288,0,102,297,0,0,0,0,0,0,0,0,252,0,0,0,0,0,0,0,0,0,0,0,0,0,0,0,153,0,116,0,0,0,0,0,0,0,0,0,0,0,0,0,0,0,0,1,0,159,0,0,0,0,0,0,0,0,0,0,0,0,0,0,0,0,0,0,0,0,0,0,0,0,0,0,0,0,0,0,0,0,0,0,1,0,0,0,0,0,0,0,0,0,0,0,0,0,0,0,0,0,0,0,0,0,0,0,0,0,0,0,0,0,0,0,0,0,0,0,0,0,0,0,0,0,0,0,0,0,0,0,0,0,0,0,0,0,0,0,0,0,0,0,0,0,0,0,0,0,0,0,0,123,0,0,0,0,65,0,0,0,5,0,0,0,0,0,0,0,0,0,83,0,0,0,0,0,0,0,0,0,0,0,0,0,0,0,0,0,0,0,0,0,0,0,0,0,0,0,3,0,286,191,0,0,0,0,0,0,0,0,0,0,0,0,0,0,0,0,0,0,0,0,0,0,0,1,3,0,199,0,0,0,0,0,0,0,0,0,0,0,0,0,0,0,0,0,0,0,0,0,0,0,0,0,0,0,0,0,0,0,0,0,0,0,0,0,0,0,0,0,0,0,0,0,0,0,0,0,0,0,0,0,0,0,0,0,0,0,0,0,0,0,0,0,0,0,0,0,0,0,0,0,0,0,0,0,0,0,0,0,0,0,0,0,0,0,0,0,0,0,0,0,205,0,0,37,0,0,0,0,0,0,0,0,0,0,0,0,0,0,0,0,0,0,0,0,0,0,0,0,0,0,0,0,0,0,0,0,0,0,0,0,0,0,77,0,0,0,158,0,0,136,0,0,0,78,0,0,0,0,0,0,0,0,0,3,0,0,0,0,0,0,0,0,0,0,0,0,0,129,0,0,0,0,0,0,0,2,0,0,0,0,266,0,0,0,527,1,0,0,0,0,0,0,0,15,603,0,0,0,114,0,0,0,0
STS.MD12,0,0,0,0,0,8,0,0,0,0,0,0,0,0,0,0,0,0,0,0,0,1,0,0,0,0,0,0,0,0,0,0,0,0,0,0,0,0,217,1,0,0,0,0,0,0,0,0,0,0,0,0,0,0,0,0,0,0,0,0,0,0,0,0,0,0,0,0,0,0,1,491,0,0,0,0,0,0,0,0,0,0,262,0,0,0,0,0,0,0,0,0,59,0,0,0,0,0,0,0,0,356,0,0,0,0,0,0,0,0,0,0,0,0,0,0,0,248,0,0,0,0,0,0,0,0,0,0,0,0,0,0,0,0,0,0,0,0,0,0,0,0,0,0,0,0,0,0,0,0,0,0,0,0,0,0,0,0,0,0,0,0,0,0,0,0,118,0,0,0,0,0,0,0,0,0,0,0,0,0,0,0,0,0,9813,0,0,0,0,0,0,0,2340,0,0,0,0,0,0,4,2313,0,987,0,5056,3313,0,0,0,0,0,0,2,0,0,284,1,0,0,0,0,1,0,0,0,0,0,0,0,0,0,0,0,0,0,0,0,0,0,0,0,0,0,0,0,0,0,0,52,0,0,0,0,0,0,0,0,0,0,0,0,0,0,0,0,0,254,0,0,0,0,0,0,0,0,0,0,0,0,0,0,0,0,0,0,0,1,0,0,0,0,0,0,0,0,0,0,0,0,0,0,0,0,0,0,0,0,0,0,0,0,0,0,0,0,0,0,0,950,0,0,275,0,165,0,0,0,0,0,503,0,130,0,1,0,15,0,172,98,0,0,0,0,0,0,0,0,0,0,0,0,0,0,0,0,1,3,0,0,304,0,0,0,0,393,0,0,0,0,0,0,0,0,0,82,0,0,0,0,0,0,0,0,0,0,0,0,0,0,0,0,0,0,0,0,0,0,0,0,0,0,0,384,0,962,1220,0,347,0,0,0,0,0,0,0,0,0,15,0,0,0,0,0,0,0,0,0,0,0,82,0,0,317,0,0,0,0,0,1,0,0,0,0,0,0,0,0,0,0,0,0,0,0,0,0,1,0,0,0,0,0,0,0,0,0,0,0,0,0,0,0,0,0,0,0,0,0,0,0,0,0,0,0,0,0,0,0,0,0,0,7,0,0,0,0,0,0,0,0,0,0,0,0,0,0,0,0,0,0,0,0,0,0,0,0,0,0,0,0,0,0,0,0,0,0,0,0,0,0,632,0,0,0,0,0,0,0,0,0,0,0,0,0,0,1,0,0,0,0,0,0,0,0,552,0,0,0,0,0,0,0,0,0,0,0,0,0,0,135,0,5166,0,121,0,0,64,0,0,0,0,0,0,0,0,0,0,0,0,0,424,0,0,0,0,0,0,0,0,0,0,0,0,1,0,0,0,0,0,0,0,0,0,0,0,0,0,0,0,0,0,0,0,0,0,0,0,0,0,0,0,0,0,0,0,0,0,0,0,0
STS.MD13,0,0,0,0,0,579,0,0,0,0,0,0,0,2,0,0,0,0,0,0,0,2,0,0,0,142,0,0,0,0,0,0,0,0,0,0,0,0,1115,542,0,0,0,0,0,0,0,0,0,0,0,0,0,0,0,0,0,0,0,0,0,0,0,0,0,0,0,0,0,3,0,0,0,0,0,0,0,0,0,0,0,0,0,0,0,0,0,0,0,0,0,0,0,0,0,0,0,0,0,0,0,0,0,0,0,0,0,0,0,0,0,0,0,0,0,0,0,0,0,0,0,0,0,0,0,0,0,0,0,1,0,0,0,0,0,0,0,0,0,0,0,0,0,0,0,0,0,0,0,0,0,0,0,0,0,0,0,0,0,0,0,0,0,0,0,0,0,0,0,0,0,0,0,0,0,0,0,0,0,0,0,0,0,0,174,0,0,0,0,0,0,0,1,0,0,0,0,0,0,1,1,0,1589,0,3,95,208,0,0,0,0,0,2165,0,0,0,0,0,0,0,0,0,0,0,0,0,0,0,0,0,0,0,0,0,0,0,0,0,0,0,0,0,0,0,0,0,0,0,0,0,0,580,0,0,0,0,0,0,0,0,0,0,0,0,0,0,0,0,0,0,0,0,0,0,0,0,0,0,0,0,0,0,0,0,0,0,40,0,0,0,0,0,0,0,0,0,0,0,0,0,0,0,0,0,0,0,0,0,0,0,0,0,0,0,0,0,0,0,0,0,0,0,0,0,0,0,0,0,0,25,0,0,0,0,0,0,0,0,0,0,0,0,0,0,0,0,0,0,0,184,0,0,0,0,1,1307,0,0,0,0,0,0,0,0,1336,0,0,0,0,0,0,0,0,0,2,0,0,0,0,0,0,0,0,0,0,0,0,0,0,0,0,0,0,0,0,0,0,0,0,0,0,0,3218,0,571,988,0,0,0,0,0,0,1,0,0,0,0,0,0,0,0,0,0,0,0,0,0,0,0,385,0,0,405,0,0,0,0,164,0,0,0,0,0,0,0,0,0,0,0,0,0,0,0,0,0,0,0,0,0,0,0,0,0,47,0,0,0,0,0,0,122,0,0,0,0,0,656,0,0,0,0,0,0,0,0,0,0,0,0,0,1,0,0,0,0,0,0,0,0,0,0,0,0,0,0,0,2,0,0,0,0,0,0,0,261,0,0,0,0,0,0,0,0,0,0,0,0,0,0,1932,1,0,0,0,0,0,0,0,0,0,0,0,0,0,0,0,0,0,0,0,0,0,0,165,0,0,0,0,0,0,0,0,0,0,0,0,0,0,182,0,0,0,3,0,0,331,0,0,0,0,0,0,0,0,0,0,0,0,0,0,1,0,0,0,0,0,0,0,0,0,0,0,0,0,0,0,0,0,0,0,0,0,0,0,0,0,0,0,0,0,11,1,0,0,0,0,0,0,0,0,0,0,0,0,697,0,0,0,0
STS.MD14,0,0,0,0,0,2,0,0,0,0,0,0,0,0,0,0,0,0,0,0,0,0,0,0,0,0,0,0,0,0,0,0,0,0,0,0,0,0,0,0,0,0,0,0,0,0,0,0,0,0,0,0,0,0,0,0,0,0,0,0,0,0,0,0,0,0,0,0,0,7,0,0,0,0,0,0,0,0,0,0,0,0,0,0,0,0,0,0,0,0,0,0,0,0,0,0,0,0,0,0,0,0,0,0,0,0,0,0,0,0,0,0,0,0,0,0,0,1,0,0,0,0,0,0,0,0,0,0,0,0,0,0,0,0,0,0,0,0,0,0,0,0,0,0,0,0,0,0,0,0,0,0,0,0,0,0,0,0,0,0,0,0,0,0,0,0,0,0,0,0,0,0,0,0,0,0,0,0,0,0,0,0,0,0,0,0,30,0,0,0,0,0,0,0,0,0,0,0,0,0,0,0,32,0,0,0,0,0,0,0,0,0,0,0,0,38,0,0,0,0,0,0,0,0,0,0,0,0,0,0,0,0,0,0,0,0,0,0,0,0,0,0,0,0,0,0,0,0,0,0,0,0,0,0,0,0,0,0,0,0,0,0,0,0,0,0,0,0,0,0,0,0,0,0,0,0,0,0,0,0,0,0,0,0,0,0,0,0,0,0,0,0,0,0,0,0,0,0,0,0,0,0,0,0,0,0,0,0,0,0,0,0,0,0,0,0,0,0,0,0,0,0,0,0,0,0,0,0,0,0,0,0,0,0,0,0,0,0,0,0,0,0,0,0,0,0,0,0,0,0,0,0,0,0,0,0,0,0,0,0,0,0,0,0,62,0,0,0,0,0,0,0,0,0,0,0,0,0,0,0,0,0,0,0,0,0,0,0,0,0,0,0,0,0,0,0,0,0,0,0,0,0,18,16,0,153,0,0,0,0,0,0,0,0,0,0,0,0,0,0,0,0,0,0,0,0,0,0,0,0,0,0,0,0,0,0,0,0,0,0,0,0,0,0,0,0,0,0,0,0,0,0,0,0,0,0,0,0,0,0,0,0,0,0,0,0,0,0,0,0,0,0,0,0,0,0,0,0,0,0,0,0,0,0,0,0,0,0,0,0,0,0,0,0,0,0,0,0,0,0,0,0,0,0,0,0,0,0,0,0,0,0,0,0,0,0,0,0,0,0,0,0,0,12,0,0,0,0,0,299,0,0,0,0,0,0,0,0,0,0,0,0,0,0,0,0,0,0,0,0,0,0,0,0,0,0,0,0,0,0,0,0,0,0,0,0,0,0,0,0,0,0,0,0,0,149,0,28,0,0,0,0,0,0,0,0,0,0,0,0,0,0,0,0,0,0,0,0,0,0,0,0,0,0,0,0,0,0,0,0,0,0,0,0,0,0,0,0,0,0,1,0,0,0,0,0,0,0,0,0,0,0,0,0,0,0,0,0,0
STS.MD15,0,0,0,0,0,69,0,0,0,0,0,0,0,0,0,0,0,0,0,0,0,0,0,0,0,0,0,0,0,0,0,0,0,0,0,0,0,0,0,0,210,331,0,0,0,0,0,0,0,0,0,0,0,0,0,1017,0,1140,0,0,0,0,0,0,0,0,0,0,0,0,0,0,0,0,0,0,0,0,0,0,0,0,0,0,0,0,0,0,0,0,0,0,0,0,0,0,0,0,0,0,0,3,0,0,0,0,0,0,0,0,0,0,0,0,0,0,0,0,1,0,0,0,0,0,0,0,0,0,0,0,0,0,0,0,0,0,0,0,0,0,0,0,0,0,0,0,0,0,0,0,0,0,0,0,0,0,0,0,0,0,0,0,0,0,0,0,213,0,0,0,0,0,0,0,0,0,0,0,0,0,0,0,0,1119,1944,0,0,0,0,0,4,0,726,0,0,0,0,0,0,0,93,534,126,0,1603,1,0,1,0,0,0,0,0,0,0,0,0,0,0,0,0,0,0,0,0,0,0,0,0,0,0,0,0,0,0,0,0,0,0,0,0,0,0,0,0,0,0,0,0,0,387,0,0,0,0,0,0,0,0,0,0,0,0,0,0,0,193,0,0,0,0,22,0,0,4,0,0,0,0,0,0,0,0,0,0,0,90,0,0,0,0,0,0,0,0,0,3,0,0,0,0,0,0,0,0,0,0,0,0,0,0,0,0,0,0,0,0,0,607,0,0,0,0,0,0,0,0,0,0,0,0,68,0,0,0,0,0,0,0,0,0,0,0,0,0,0,0,0,0,0,0,0,0,0,0,1,0,0,0,0,0,0,0,0,0,0,0,0,0,0,0,0,0,0,71,0,0,0,0,0,0,0,0,0,0,59,0,0,0,0,0,0,0,0,0,0,0,0,0,176,0,0,466,0,666,1147,0,992,0,0,0,47,99,0,0,0,0,0,0,0,0,0,0,0,0,0,0,0,0,0,0,0,0,0,0,0,0,0,0,0,0,0,0,0,0,0,0,0,0,0,0,0,0,0,0,0,0,0,0,0,0,0,0,0,0,0,0,0,0,0,0,0,0,0,0,0,63,0,0,0,0,0,0,0,0,0,0,0,0,0,5,0,0,78,0,0,0,0,0,0,0,0,0,0,0,0,0,286,0,0,0,0,0,0,0,0,0,0,0,0,0,0,0,0,0,0,0,0,0,681,0,0,0,0,0,0,0,0,0,0,0,0,0,0,0,0,0,0,0,0,0,0,0,230,0,0,0,0,0,0,0,0,0,0,0,0,0,0,1,0,148,0,0,0,0,1004,0,0,0,0,0,0,0,0,0,0,0,0,0,0,0,0,0,0,0,0,0,0,0,0,0,0,0,0,0,0,0,0,0,0,0,0,0,0,0,0,0,0,0,0,0,0,0,0,0,0,0,0,0,0,0,0,0,0,0,0,0,0,0
STS.MD16,0,0,0,0,0,0,0,0,220,0,0,0,0,0,18,0,0,0,0,0,0,0,0,0,0,0,0,0,0,0,0,0,0,0,0,0,0,0,0,418,0,0,0,0,0,0,0,0,0,0,0,0,0,0,0,0,0,0,0,0,0,0,0,0,0,0,0,0,0,0,0,0,0,0,0,0,0,0,0,0,0,0,0,0,0,0,0,0,0,0,0,0,0,0,0,0,0,0,0,0,0,0,0,0,0,0,17,0,0,0,0,0,0,0,0,0,0,0,0,0,0,0,0,0,0,0,0,0,0,0,0,0,0,0,0,0,0,0,0,0,0,0,0,0,0,0,0,0,0,0,0,0,0,0,0,0,0,0,0,0,0,0,0,0,0,0,18,0,0,0,0,0,0,0,0,0,0,0,0,0,0,0,0,0,160,0,0,0,0,0,0,0,66,0,0,0,0,0,0,0,0,0,79,0,151,2,321,0,0,0,0,0,0,0,0,1,0,0,0,0,0,0,0,0,0,0,0,0,0,0,0,0,0,0,0,0,0,0,0,0,0,0,0,0,0,0,0,0,0,100,0,0,0,0,0,0,0,0,0,0,0,0,0,0,0,0,0,0,0,0,0,0,0,0,0,0,0,0,0,0,0,0,0,0,0,0,0,0,0,0,0,0,0,0,0,0,0,0,0,0,0,0,0,0,0,0,0,0,0,0,0,0,0,0,0,0,0,0,0,0,0,0,0,0,0,0,0,0,0,0,0,0,0,0,0,0,0,0,0,0,0,0,0,0,0,0,0,0,0,0,0,295,0,0,0,405,0,0,0,0,0,0,0,0,0,0,0,0,0,0,0,0,0,0,41,0,0,0,0,0,0,0,0,0,0,0,0,0,0,0,0,0,0,0,0,0,0,0,0,0,0,0,0,0,251,1210,0,0,0,0,0,0,0,0,0,0,0,0,0,0,0,0,0,0,0,0,0,0,0,0,0,0,822,0,0,0,0,0,0,0,0,0,0,0,0,0,0,0,0,0,0,0,0,0,0,0,0,0,0,0,0,0,0,0,0,0,0,0,0,0,282,0,0,0,0,542,0,0,0,0,0,0,0,0,0,0,0,0,0,0,14,0,0,0,0,0,0,0,0,0,0,0,0,0,0,0,0,0,0,0,0,0,0,0,0,0,0,0,455,0,0,0,0,0,0,0,0,0,0,994,0,0,0,1,0,0,0,0,0,0,0,0,0,0,0,0,0,0,0,0,0,0,0,96,0,0,0,0,0,0,0,0,0,0,0,0,0,0,0,0,0,0,737,0,0,1,0,0,0,0,0,0,0,0,0,0,0,0,0,0,0,0,0,140,0,0,0,0,0,0,0,0,0,0,0,0,0,0,0,0,0,99,0,0,342,0,133,0,0,0,88,0,0,0,0,352,3,0,230,0,0,0,0,223,105,0,0,0,0
STS.MD17,0,0,402,0,285,992,0,0,0,0,0,0,0,0,0,554,0,0,0,0,0,0,0,0,0,0,0,0,0,0,0,0,0,0,0,0,0,0,277,0,0,0,0,0,0,0,0,0,0,0,0,0,0,0,0,0,0,0,0,0,0,0,0,0,0,0,0,0,0,0,0,0,0,3,0,0,0,0,0,0,0,0,0,0,0,0,0,0,0,0,0,0,0,0,0,0,0,0,0,0,0,0,0,0,1,0,0,0,0,0,0,0,0,0,0,0,0,0,0,0,0,0,0,0,0,0,0,0,0,0,0,0,0,0,0,0,0,0,0,0,0,0,0,0,0,0,0,0,0,0,0,0,0,0,0,0,0,0,0,0,0,0,0,0,0,0,0,0,0,0,0,0,0,0,0,0,0,0,0,0,0,0,0,0,0,0,0,0,0,0,0,0,0,0,0,0,0,0,0,0,0,0,1334,0,107,0,0,0,0,0,0,0,0,0,0,0,0,0,0,0,0,0,0,0,0,0,0,0,0,0,0,0,0,0,0,0,0,0,0,0,0,0,0,0,0,0,0,0,0,0,0,0,0,0,0,0,0,0,0,0,0,0,0,0,0,0,0,0,0,0,0,0,0,0,0,0,0,0,0,0,0,0,0,0,0,0,2,0,0,0,0,0,0,0,0,0,0,0,0,0,0,0,0,0,0,0,0,0,0,0,0,0,0,0,0,0,0,0,0,0,0,0,0,0,0,0,0,0,0,0,0,0,0,0,0,0,0,0,0,0,0,0,0,0,0,0,0,0,176,0,0,1,0,0,0,66,0,0,0,133,0,0,0,0,0,0,0,0,0,0,0,0,0,0,0,76,0,0,267,0,0,0,0,0,0,0,0,0,0,0,0,0,0,0,0,0,0,0,0,0,0,0,0,0,246,370,0,289,1,0,0,0,0,0,0,0,0,0,0,0,0,0,0,0,0,0,0,0,0,0,15,0,0,0,0,0,0,0,0,0,0,0,0,0,0,0,0,0,0,0,0,0,0,0,0,0,0,0,0,0,0,0,0,0,0,0,0,0,0,0,0,0,0,0,0,0,0,0,0,0,0,0,0,0,0,0,0,0,0,0,0,0,0,0,0,0,0,0,0,0,0,0,0,0,0,0,0,0,0,0,0,0,0,0,0,0,0,40,0,0,208,0,0,0,0,0,0,0,0,296,0,1,0,0,0,0,0,0,0,0,0,0,0,0,0,0,0,0,0,0,0,0,0,112,0,0,0,0,0,0,0,0,0,0,0,0,0,0,1,0,0,0,0,0,0,93,0,0,0,0,0,0,0,0,0,0,0,0,0,0,0,0,0,823,0,0,0,0,0,0,200,0,0,0,0,0,0,0,0,0,0,48,0,0,0,0,20,0,0,0,0,16,0,0,0,17,0,171,306,0,0,0,0,0,289,0,0,0,0
STS.MD18,0,0,0,1238,0,1245,0,0,0,0,0,0,34,564,0,161,0,60,0,0,3,2,0,0,0,423,68,0,0,0,0,0,0,0,0,0,0,0,0,35,0,0,0,0,0,0,0,0,0,0,0,0,0,0,0,0,0,1,0,0,0,0,0,0,0,0,6,0,0,1,0,0,0,60,0,0,0,0,0,0,0,0,0,0,0,0,0,0,0,0,0,0,0,0,0,0,0,0,0,0,0,144,0,0,22,0,0,0,0,0,0,0,0,0,0,0,0,0,0,0,0,0,0,0,0,0,0,0,0,0,0,0,0,0,0,0,2628,0,0,0,0,0,0,0,0,0,0,0,0,0,0,0,0,0,0,0,0,0,0,0,0,0,0,0,0,0,636,0,54,351,0,0,0,0,0,0,0,0,0,0,0,0,37,0,3,0,0,0,0,0,0,0,0,0,7,0,0,0,94,2,0,0,9568,0,684,31,0,0,0,0,0,127,0,192,0,1,0,0,0,0,0,0,0,0,0,0,0,0,0,0,0,0,0,0,0,0,0,0,0,0,0,0,0,0,0,0,0,91,0,73,0,0,0,89,0,0,0,0,0,0,0,0,0,0,0,0,0,0,0,0,0,0,0,0,0,0,0,0,0,0,0,0,0,0,17,0,4,0,0,0,0,0,0,0,0,0,0,0,0,0,0,0,0,0,0,0,0,0,0,0,68,0,0,0,0,0,0,0,0,0,0,3,0,0,0,0,0,0,0,92,0,0,0,0,0,0,0,0,0,0,0,0,0,112,42,0,58,0,0,0,1,0,0,0,0,12472,0,47,167,0,0,0,1221,0,817,0,0,0,0,0,0,4,0,0,4329,0,0,0,27,0,0,0,0,0,0,0,0,0,0,0,0,0,0,0,0,0,0,0,0,0,0,0,1941,0,109,81,0,0,0,0,0,0,0,0,0,0,0,0,0,0,0,0,0,0,1,0,0,0,0,60,188,0,214,0,0,0,0,0,533,0,0,0,0,0,0,0,0,0,0,0,0,0,0,0,0,0,0,0,0,0,0,0,16,0,0,0,0,0,33,0,0,0,0,0,0,0,0,0,0,0,0,0,0,0,0,0,0,0,0,0,1,0,0,0,0,0,0,0,0,0,0,0,0,0,0,0,0,0,2,209,0,0,0,0,427,0,0,0,0,0,138,0,0,0,21,0,0,0,0,14,0,0,0,0,0,0,0,0,0,0,0,0,0,0,0,0,0,7,0,0,0,0,0,1,0,0,0,0,0,0,0,0,0,0,0,0,0,0,139,0,0,0,2517,0,0,3221,0,0,0,2,0,1,0,0,0,0,0,0,0,0,3704,0,0,0,0,109,0,341,0,0,0,0,0,1237,0,0,0,0,0,0,0,0,0,0,142,0,3477,0,21,663,11817,580,1058,0,0,2,0,745,0,470,2268,95,0,0,188,0,0,0,0
STS.MD19,0,0,0,0,135,138,19,0,54,87,0,332,0,0,0,0,0,438,0,0,268,0,0,0,0,0,173,0,0,0,0,0,0,0,2,0,0,0,0,0,77,0,85,0,0,0,0,0,0,0,0,0,0,0,0,0,0,0,0,0,0,170,0,0,0,0,0,0,0,0,0,0,0,0,0,0,0,0,0,0,0,0,0,0,0,0,0,0,0,0,0,0,0,0,0,0,0,0,0,0,0,0,0,0,76,0,0,0,0,0,0,0,0,0,0,0,0,0,0,0,0,0,0,0,0,0,0,0,0,0,0,0,0,0,0,0,0,69,0,0,0,0,0,0,0,0,0,0,0,0,0,0,0,0,0,0,0,0,0,0,0,0,0,0,0,0,175,0,0,0,0,0,0,0,0,0,0,0,0,0,0,0,0,0,0,0,402,0,0,0,0,0,0,0,0,0,0,0,0,0,0,0,185,0,205,223,0,10,0,0,0,0,0,0,0,0,0,0,0,0,0,0,0,0,0,0,0,13,0,0,275,0,0,0,0,0,34,0,0,0,0,0,136,0,0,0,0,0,0,0,148,0,0,0,0,0,0,0,0,0,0,0,0,0,0,0,0,0,0,0,0,0,0,0,15,80,0,0,0,0,0,0,0,0,0,0,1,0,0,0,223,0,0,0,0,0,0,0,0,0,0,0,0,0,1,0,0,0,0,0,0,0,0,0,0,0,0,0,0,0,0,0,0,0,0,0,0,0,0,40,0,70,0,0,0,0,0,0,0,26,0,0,306,0,0,0,399,0,0,0,154,0,0,0,0,1220,0,0,0,0,0,0,199,99,4151,0,0,0,0,0,0,0,0,0,0,0,0,127,0,0,0,0,0,0,0,0,0,0,0,0,0,0,0,0,0,0,0,0,0,0,0,0,4267,0,486,861,0,0,0,0,0,0,6,0,0,0,0,0,0,0,0,0,0,0,0,0,0,0,0,181,166,0,57,0,0,0,0,0,0,0,0,0,0,0,0,0,0,0,0,0,0,0,0,0,0,0,0,0,0,0,0,0,0,0,0,0,0,0,0,0,0,0,0,0,0,78,25,0,0,0,0,0,0,0,0,0,0,0,0,0,3,0,0,0,0,0,0,0,0,0,0,0,0,0,0,0,0,0,0,0,0,0,0,0,0,0,0,0,0,0,0,0,0,0,0,0,0,0,0,1438,0,0,33,0,0,0,0,0,0,0,0,162,0,0,0,0,0,0,0,0,0,0,0,0,0,0,1,0,0,0,0,0,0,0,0,0,0,0,26,0,0,0,0,0,0,0,0,1,0,0,0,0,0,0,0,0,0,0,0,464,281,0,0,0,0,0,0,0,0,0,0,0,0,0,0,0,0,0,0,35,0,381,211,0,53,0,623,0,0,0,137,767,0,0,0,0,75,0,0,172,38,0,0,0,659,0,135,0,0
STS.MD2,0,0,0,0,0,0,0,0,0,0,0,0,0,0,0,0,0,0,0,0,0,0,0,0,0,0,0,0,0,0,0,0,0,0,0,0,0,0,0,0,0,0,0,0,0,0,0,0,0,0,0,0,0,0,0,0,0,0,0,0,0,0,0,0,0,0,0,0,0,0,0,0,0,0,0,0,0,0,0,0,0,0,0,0,0,0,0,0,0,0,0,0,0,0,0,0,0,0,0,0,0,0,0,0,0,0,0,0,0,0,0,0,0,0,0,1,0,0,0,0,0,0,0,0,0,0,0,0,0,0,0,0,0,0,0,0,0,0,0,0,0,0,0,0,0,0,0,0,0,0,0,0,0,0,0,0,0,0,0,0,0,0,0,0,0,0,15,0,0,0,0,0,0,0,0,0,0,0,0,0,0,0,0,0,0,0,0,0,0,0,0,0,41,0,0,0,0,0,0,0,0,2,1955,0,1400,767,0,0,0,0,0,0,0,0,0,21,1,0,0,0,0,2,0,0,0,0,0,0,0,0,0,0,0,0,0,0,0,0,0,0,0,0,0,0,0,0,0,0,0,0,0,11,0,0,0,0,0,0,0,0,0,0,0,0,0,0,0,0,0,0,0,0,0,0,0,0,0,0,0,0,0,0,0,0,0,0,1,0,0,0,0,0,0,0,0,0,0,0,0,0,0,0,0,0,0,0,0,0,0,0,0,0,0,0,0,0,0,0,0,0,0,0,0,0,0,0,0,0,0,0,0,0,0,0,0,0,0,0,0,0,0,0,0,0,0,0,0,0,0,0,0,0,0,0,0,1,0,0,0,0,0,0,0,0,0,0,0,0,0,0,0,0,0,0,2,0,0,0,0,2,0,0,0,0,0,0,0,0,0,0,0,0,0,0,0,0,0,0,0,0,0,0,0,0,174,565,0,0,0,0,0,0,0,0,0,0,0,0,0,0,0,0,0,0,0,0,0,0,0,0,0,0,6,0,0,0,0,0,0,0,0,0,0,1,0,0,0,0,0,0,0,0,0,0,0,0,0,0,0,0,0,0,0,0,0,0,0,0,0,0,0,0,248,0,0,0,392,0,0,0,0,0,0,0,0,0,0,0,0,0,29,0,0,0,0,0,0,0,0,0,0,0,0,0,0,0,0,0,0,0,0,0,0,0,0,0,0,0,0,0,0,0,0,0,0,0,0,0,0,1346,0,0,0,0,0,0,0,0,0,0,0,0,0,0,0,0,0,0,0,0,0,0,0,383,0,0,0,0,0,0,0,0,0,0,0,0,0,0,608,0,0,0,0,0,0,205,0,0,0,0,0,0,0,0,0,0,0,0,0,0,0,0,0,0,0,0,0,0,0,0,0,0,0,0,0,0,0,0,0,0,0,0,0,0,0,0,0,0,0,0,0,0,0,0,0,0,0,0,0,0,5,0,0,0,0,0,184,0,0
STS.MD20,0,0,0,0,0,679,0,0,0,0,0,0,0,0,0,0,0,0,0,0,0,1,0,0,0,0,0,0,0,0,0,0,0,0,0,0,0,0,0,0,0,0,0,0,0,0,0,0,0,0,0,0,0,0,0,0,0,0,0,0,0,0,0,0,0,0,0,0,0,0,0,0,0,0,0,0,0,0,0,0,0,0,0,0,0,0,158,0,0,0,0,0,0,0,0,0,0,0,0,0,0,0,0,0,0,0,0,0,0,0,0,0,0,0,0,0,0,0,0,0,0,0,0,0,0,0,0,0,0,0,0,0,0,0,0,0,0,0,0,128,0,0,0,0,0,0,0,0,0,0,0,0,0,0,0,0,0,0,0,0,0,0,0,0,0,0,1266,0,0,0,0,0,0,0,0,0,0,0,0,0,0,0,0,0,0,0,0,0,0,0,2,0,0,0,0,0,0,0,0,0,0,0,83,0,157,272,0,0,0,0,0,0,859,0,0,245,0,0,0,0,0,0,0,0,0,0,0,0,0,0,0,0,0,0,0,0,0,0,0,0,0,0,0,0,0,0,0,0,0,0,0,0,0,0,0,0,0,0,0,0,0,0,0,0,0,0,0,0,0,0,0,0,0,0,0,0,0,0,0,0,0,0,0,0,0,0,0,0,0,0,0,0,0,0,0,0,0,0,0,0,0,0,0,0,0,0,0,0,0,0,0,0,0,0,0,0,0,0,101,381,0,0,0,0,0,0,0,0,0,0,0,0,0,0,0,0,0,0,0,0,0,0,0,0,0,0,0,0,0,0,0,0,0,0,0,1,0,0,0,0,0,0,0,0,0,0,0,0,0,0,0,0,0,0,45,0,0,0,0,0,0,0,0,0,0,0,0,0,0,0,0,0,0,0,0,0,0,0,0,0,0,0,0,0,11,0,0,0,0,0,0,0,0,2,0,0,0,0,0,205,0,0,0,0,0,0,0,0,0,0,0,0,0,0,0,0,0,0,0,0,0,0,1,0,0,0,0,0,0,0,0,0,0,0,0,0,0,0,0,0,0,0,0,0,0,0,0,0,0,0,0,0,0,0,0,0,0,0,0,0,0,0,0,0,0,0,0,0,0,0,55,0,0,0,0,0,0,17,0,0,0,0,0,0,0,0,0,0,0,0,0,0,0,0,0,0,0,0,0,0,0,0,0,0,0,0,0,0,0,273,0,0,0,0,0,0,0,0,0,0,0,0,0,0,0,0,0,0,0,0,0,0,0,92,0,0,0,0,0,0,0,0,0,0,0,0,0,0,1,0,0,0,0,0,0,102,139,0,0,0,0,0,0,0,0,0,0,0,0,0,0,0,0,0,0,0,0,0,0,0,0,0,0,0,0,0,0,0,0,0,0,0,0,0,0,0,0,0,0,0,0,0,0,0,0,0,0,0,0,0,0,0,0,0,0,0,0,0,0
STS.MD21,0,0,0,73,0,274,0,0,0,0,0,0,0,611,0,132,0,598,0,0,0,0,0,0,0,42,542,0,0,0,0,0,0,0,0,0,0,0,2,0,995,0,0,0,0,0,0,0,0,0,0,52,0,0,0,0,0,0,0,0,0,0,0,0,0,0,1,0,0,503,336,2,0,0,0,0,0,0,0,0,0,0,0,0,0,0,0,76,0,0,0,0,0,0,229,0,0,0,2,0,0,2,0,0,0,0,0,0,0,0,0,0,0,0,0,0,0,0,0,0,0,300,0,0,0,0,0,0,0,280,0,0,0,0,0,0,442,0,0,0,0,0,0,0,0,0,0,0,0,0,0,0,0,0,0,0,0,0,0,0,0,0,0,0,0,0,480,0,0,0,0,0,0,0,0,0,0,0,0,0,0,0,0,0,0,0,402,0,0,0,8,0,134,0,0,0,0,0,0,0,0,0,900,0,2,1,0,0,0,0,0,0,1,0,0,0,1,0,0,0,0,1,0,0,0,0,0,0,0,0,0,0,0,0,0,0,0,0,0,0,0,158,0,0,0,0,0,0,0,0,0,0,0,0,0,0,0,0,0,0,0,0,0,0,0,0,0,0,0,0,0,0,0,0,1,0,0,0,0,0,0,0,0,0,0,0,121,0,0,0,0,0,0,0,0,0,0,0,0,0,0,0,0,0,0,0,0,0,0,0,0,0,0,0,0,0,0,0,0,0,0,0,0,0,0,0,0,0,0,434,0,83,0,0,0,0,0,0,0,0,0,62,0,11,0,0,0,0,0,0,448,122,0,0,34,5741,3,0,301,0,0,0,717,0,5858,0,0,0,0,0,0,0,0,0,2619,0,0,0,0,0,80,0,0,0,0,0,0,0,0,0,0,0,0,0,0,0,0,0,0,0,0,0,12401,0,518,544,0,0,0,0,0,0,135,0,0,0,0,0,0,0,0,0,0,32,0,0,0,0,0,1781,450,127,230,0,0,0,0,0,396,0,0,0,0,0,0,0,0,0,0,0,0,0,0,0,0,0,0,0,0,0,0,0,312,0,0,0,0,5,0,0,1,0,0,0,0,32,3,0,0,0,0,0,0,0,0,0,0,0,0,0,7,0,0,0,172,0,0,0,0,0,0,0,0,0,0,0,153,0,0,0,0,0,0,0,0,0,0,0,0,0,0,0,0,0,0,0,0,0,0,2253,0,0,0,0,0,0,0,0,0,0,0,0,0,0,0,0,0,0,0,0,0,0,0,0,0,0,0,0,0,0,0,0,0,0,0,219,0,0,425,0,0,0,3102,0,0,653,0,3,0,1,0,0,0,0,0,0,452,0,20,0,2250,0,0,0,0,2,0,2,0,0,0,0,0,286,220,0,0,0,0,39,0,0,0,0,0,0,2653,0,0,165,6815,1067,108,0,0,0,3,106,0,1197,138,0,0,0,0,0,0,0,0
STS.MD22,0,0,0,394,3,2518,0,22,0,0,0,0,0,929,0,446,0,0,0,0,0,2,58,0,0,196,0,0,0,0,0,0,0,0,0,0,146,0,0,109,0,0,0,0,0,0,0,0,0,0,0,0,0,0,0,0,0,0,0,0,0,0,0,0,0,0,3,0,0,0,0,0,0,0,0,0,0,0,0,0,0,0,47,0,0,0,0,0,0,0,0,0,0,0,0,0,0,0,0,0,0,4,0,0,1,0,0,0,0,0,0,0,0,0,0,0,0,0,0,0,0,0,0,0,0,0,0,0,0,0,0,0,0,0,0,0,1890,0,0,0,0,0,0,0,0,0,0,0,0,0,0,0,0,0,0,0,0,0,0,0,0,0,0,0,0,0,130,0,0,295,0,0,0,0,0,0,0,0,0,0,0,0,0,0,0,0,99,0,0,0,0,0,0,0,1,0,0,0,0,3,0,0,3181,0,60,3,0,0,0,0,0,0,0,73,0,122,21,0,0,0,0,0,0,0,0,0,0,0,0,0,0,0,0,0,0,0,0,0,0,0,0,0,0,0,201,0,0,0,0,0,0,0,0,0,0,0,0,0,0,0,137,0,0,0,0,0,0,0,0,0,0,0,0,0,0,0,0,0,0,0,0,0,0,0,0,0,3,0,0,0,0,0,0,0,0,0,0,1,0,0,0,0,0,0,0,0,0,0,0,0,0,0,0,0,0,0,0,0,0,0,0,0,0,0,0,0,0,0,0,63,0,0,0,0,0,0,0,0,0,0,0,0,0,0,0,0,0,0,0,0,0,39,0,0,16,8764,0,0,86,0,103,0,2299,0,0,0,0,0,0,0,0,0,0,0,4542,0,26,0,73,0,0,0,0,0,0,0,0,0,0,0,0,0,0,0,0,0,0,0,0,0,0,0,0,0,65,414,0,0,0,0,0,0,0,0,0,0,0,0,0,0,0,0,0,0,0,0,0,0,0,0,166,0,538,0,0,0,0,0,1551,0,0,0,0,0,0,0,0,0,0,0,0,0,0,0,0,0,0,0,0,0,0,0,0,0,0,0,0,0,0,0,0,0,0,0,0,0,95,0,0,0,0,0,0,0,0,0,0,0,0,0,9,0,0,0,0,0,0,0,0,0,0,0,0,0,0,0,0,0,0,98,0,0,0,0,62,0,0,0,0,0,297,0,0,0,0,132,0,0,0,393,0,1,0,0,0,0,0,0,0,0,0,0,0,0,0,0,0,0,0,0,0,0,0,0,0,0,0,0,0,0,0,0,0,0,0,0,0,0,0,0,0,0,4800,0,0,2819,0,0,1,66,0,0,0,0,0,0,0,0,0,133,7321,0,0,0,0,109,0,711,0,0,0,0,121,357,0,0,0,151,0,0,0,0,0,0,25,0,3930,0,0,748,12870,1032,626,0,0,0,129,475,0,475,586,0,144,157,636,0,0,0,0
STS.MD3,0,0,0,0,0,0,0,0,0,0,0,0,0,0,0,0,0,0,0,0,0,0,20,0,0,0,0,0,0,0,0,0,0,0,0,0,0,0,36,0,0,0,0,0,0,0,0,0,0,0,0,0,0,0,0,0,0,0,0,0,0,0,0,0,0,0,0,0,0,0,0,0,0,0,0,0,0,0,0,0,0,0,0,0,0,0,0,0,0,0,0,0,0,0,0,0,0,0,0,0,0,0,0,0,0,0,0,0,0,0,0,0,0,0,0,0,0,0,0,0,0,0,0,0,0,0,0,0,0,0,0,0,0,0,0,0,0,0,0,0,0,0,0,0,0,0,0,0,0,0,0,0,0,0,0,0,0,0,0,0,0,0,0,0,0,0,450,0,0,0,0,0,0,0,0,0,0,0,0,0,0,0,0,0,0,0,0,0,0,0,0,0,0,0,0,0,0,0,0,3,0,0,2527,0,9,0,0,0,0,0,0,0,0,0,0,0,0,0,0,0,0,0,0,0,0,0,0,0,0,0,2,0,0,0,0,0,0,0,0,0,0,0,0,0,0,0,0,0,0,0,0,0,0,0,0,8,0,0,0,0,0,0,0,0,0,0,0,0,0,0,0,0,0,0,0,0,0,0,0,0,0,0,0,0,0,0,0,0,0,0,0,0,0,0,0,0,0,0,0,0,0,0,0,0,0,0,0,0,0,0,0,99,0,0,0,0,0,0,0,0,0,0,0,0,0,0,0,0,0,0,0,0,0,0,0,0,0,0,0,0,0,0,0,0,0,0,0,0,0,0,0,0,0,0,0,724,0,0,0,0,2,0,0,0,2,0,0,0,0,0,0,0,0,0,220,0,0,0,0,0,0,0,0,0,0,0,0,0,0,0,0,0,0,0,0,0,0,0,0,0,0,0,0,0,555,0,0,0,0,0,0,0,0,0,0,0,0,0,0,0,0,0,0,0,0,0,0,0,0,0,0,0,0,0,0,0,0,0,0,0,0,0,0,0,0,0,0,0,0,0,0,0,0,0,0,0,0,0,0,0,0,0,0,0,0,0,0,0,0,0,0,0,0,0,0,0,0,0,0,0,0,0,0,0,0,0,0,0,0,0,0,0,0,0,0,0,0,0,0,0,0,0,0,0,0,0,0,0,0,0,0,0,0,0,0,0,0,0,0,0,0,0,0,0,0,0,0,0,0,0,0,0,0,0,0,0,0,0,0,0,0,0,0,0,0,0,0,0,0,0,0,0,0,501,0,0,0,0,0,0,0,0,0,0,0,0,0,0,1,0,0,0,0,0,0,138,0,0,0,0,0,0,0,0,0,0,0,0,0,0,0,0,0,0,0,0,0,0,0,0,0,0,0,0,0,0,0,0,0,0,0,0,0,0,0,138,0,0,0,0,73,0,0,0,0,0,0,0,0,0,1163,0,0,0,0,127,0,0,0
STS.MD4,0,549,0,223,0,0,0,0,0,0,0,0,0,0,0,0,0,0,0,0,0,0,0,0,0,0,0,0,0,0,0,0,0,0,0,0,0,0,720,853,0,0,0,0,0,0,0,0,0,0,0,0,0,0,0,0,0,0,0,0,0,0,0,0,0,0,0,0,0,0,0,0,0,0,0,0,0,0,0,0,0,0,0,0,0,0,0,0,0,0,0,0,0,0,0,0,0,0,0,0,0,0,0,0,0,0,0,0,0,0,0,0,0,0,0,0,0,0,0,0,0,0,0,0,0,0,0,0,0,0,0,0,0,0,0,0,0,0,0,0,0,0,0,0,105,0,0,0,0,0,0,0,0,0,0,0,0,0,0,0,0,0,0,0,0,0,563,0,0,0,0,0,586,0,0,0,0,0,0,0,0,0,0,0,1,0,0,0,0,0,0,0,161,0,0,0,0,0,0,0,3,0,468,0,228,605,0,0,0,181,0,0,0,0,0,0,108,0,0,0,0,0,0,0,0,0,0,0,0,0,0,0,0,0,0,0,0,0,0,0,0,0,0,0,0,0,0,0,0,29,0,0,0,0,0,0,0,0,0,0,0,0,0,0,0,0,0,0,0,0,0,0,0,0,0,0,0,0,0,0,0,0,0,0,0,0,915,0,0,0,0,0,0,0,0,0,0,0,0,0,0,0,0,0,0,0,0,0,0,0,282,0,0,0,0,0,0,0,0,0,0,0,0,0,0,0,0,0,0,31,0,0,0,0,0,0,0,1,0,0,0,0,0,0,0,0,0,0,0,0,0,0,1186,0,0,1,2,0,0,0,411,0,0,0,0,0,0,0,0,0,0,0,0,0,0,0,0,0,0,0,0,0,0,0,0,0,0,0,0,0,346,0,0,0,0,0,0,0,0,0,0,0,0,0,859,585,0,0,0,0,0,0,0,0,0,0,0,0,0,0,0,0,0,0,0,0,0,0,0,0,0,0,140,0,0,0,0,0,0,0,0,0,0,0,0,0,0,0,0,0,0,0,0,0,0,0,0,0,0,0,0,0,0,0,0,0,0,0,0,0,0,0,0,0,0,269,58,0,0,0,0,0,0,0,0,0,0,0,0,0,41,0,0,0,0,0,0,0,0,0,0,0,0,0,0,0,0,0,0,0,0,0,0,0,0,0,0,0,0,0,0,0,0,0,0,0,0,0,0,1707,0,0,0,0,0,0,0,0,0,0,0,0,0,0,0,0,0,0,0,0,0,0,0,134,0,0,0,0,0,0,0,0,0,0,0,0,129,0,2,0,1,0,0,0,0,797,0,0,0,0,0,151,0,0,0,0,0,0,0,0,0,0,0,0,0,278,0,0,130,0,0,0,0,0,0,0,0,0,0,0,0,0,0,0,0,0,0,0,0,0,0,0,0,0,0,0,0,0,0,0,0,0,0,0,0,0,0,0,0
STS.MD5,0,1,0,0,0,174,0,0,0,0,0,0,0,0,0,0,0,0,0,0,0,0,0,0,0,0,0,0,0,0,0,0,0,0,0,0,0,0,706,1,1316,0,0,0,0,0,0,0,0,0,0,0,0,0,0,0,0,0,0,0,0,0,0,0,0,0,751,0,0,0,266,0,0,0,0,0,0,0,0,0,0,0,0,0,0,0,0,0,0,0,0,0,0,0,0,0,0,0,221,0,0,0,0,0,0,0,0,0,0,0,0,0,0,0,0,0,0,0,0,0,0,0,0,0,0,544,0,0,0,0,0,0,0,0,0,0,0,0,0,0,0,0,0,0,0,0,0,0,0,0,0,0,0,0,0,0,0,0,0,0,0,0,0,0,0,0,184,0,0,0,0,0,339,0,0,0,0,0,0,0,0,0,0,0,0,0,0,0,0,0,2,0,0,0,0,357,0,0,0,0,0,0,1736,0,0,0,0,0,0,0,0,0,60,0,0,0,0,0,0,0,0,0,0,0,0,0,0,0,0,0,0,0,0,0,0,0,0,0,0,0,0,0,0,0,0,0,0,0,0,0,0,49,0,0,0,0,0,0,0,0,0,0,0,0,0,0,0,0,0,0,0,0,0,0,0,0,0,0,0,0,0,0,0,0,0,0,536,0,0,0,0,0,0,0,0,0,0,0,0,0,0,0,0,588,0,0,0,0,0,0,0,0,0,0,0,0,0,0,0,0,0,0,0,0,0,0,0,0,0,0,0,0,0,0,0,0,0,0,0,0,0,0,0,0,0,0,0,0,0,0,0,0,0,0,0,2,0,0,1,0,0,0,0,0,2,0,0,0,0,0,0,0,0,0,1,0,0,0,0,0,0,0,0,0,0,0,0,0,0,0,0,0,0,0,0,0,0,0,0,0,0,305,123,0,1804,517,0,0,0,0,0,0,0,0,0,0,0,0,0,0,0,0,0,0,0,0,0,0,0,2,337,0,0,0,0,0,0,135,0,0,169,0,0,0,0,0,0,0,0,0,0,0,0,0,0,0,0,0,0,0,0,0,0,0,0,0,0,0,0,0,4,0,0,0,0,0,262,0,0,0,0,0,0,0,0,0,0,0,0,111,51,0,0,0,0,0,0,0,0,0,0,0,0,0,227,0,0,0,0,0,0,0,0,0,0,0,0,0,0,0,0,0,0,0,0,0,0,0,0,5,0,36,0,0,0,0,0,0,0,0,0,0,0,0,0,0,0,0,0,0,0,0,0,7,0,0,0,0,0,0,2066,0,0,0,0,0,0,0,0,0,0,0,0,0,0,0,0,0,0,0,0,0,0,0,0,0,0,0,0,0,0,0,0,0,0,0,0,0,0,0,0,0,0,0,0,0,0,0,0,0,0,0,0,0,0,0,0,0,0,3,0,0,0,0,0,0,0,0,0,325,0,0,105,0,0,0,0,0,0
STS.MD6,131,609,0,147,830,5866,63,0,99,247,37,0,0,0,0,333,0,767,0,0,0,2,55,0,0,0,0,86,0,0,0,0,0,0,504,206,0,0,364,225,0,0,0,0,0,0,0,0,0,0,0,0,0,0,0,0,0,0,0,0,0,0,0,0,0,0,1,0,0,0,0,0,0,0,0,0,0,0,0,0,0,0,1,0,0,0,0,0,0,0,0,0,0,0,0,28,0,0,0,0,0,0,0,0,0,0,0,0,0,0,0,0,0,0,0,0,0,0,0,0,0,0,0,0,0,0,0,0,0,0,0,0,0,0,0,0,329,0,0,0,0,0,0,0,0,0,0,0,0,0,0,0,0,0,0,0,0,0,0,0,0,0,0,0,0,0,134,0,0,0,0,0,0,0,0,0,0,0,0,0,0,0,0,0,50,0,0,0,0,0,0,0,0,0,0,0,0,0,0,2,1,0,1237,0,4,233,0,0,0,0,0,0,0,30,0,184,0,0,0,0,0,1,0,0,0,0,0,0,0,0,0,0,0,0,0,0,0,0,0,0,0,0,0,0,0,0,0,0,0,0,0,0,0,0,0,0,0,0,0,0,0,0,0,0,0,0,253,0,0,2,0,0,0,0,0,0,0,0,0,0,0,0,0,0,0,0,97,0,0,0,0,0,0,0,0,0,0,0,0,0,0,0,0,0,0,0,0,0,0,0,0,0,0,0,0,0,0,0,0,0,0,0,0,0,0,0,0,0,0,0,0,0,0,0,0,1,0,0,0,0,114,0,0,0,0,78,0,301,0,0,24,572,0,26,0,2473,0,0,0,128,0,0,174,0,0,0,0,0,0,0,0,0,0,0,554,0,0,25,0,0,0,0,0,0,0,0,0,0,0,0,0,0,0,0,0,0,0,0,0,0,0,0,0,0,823,107,0,0,0,0,0,0,0,0,0,0,0,0,0,0,0,0,0,0,0,0,0,0,0,0,42,0,2481,0,0,0,0,0,0,0,12,0,0,0,0,0,0,0,0,0,0,0,0,0,0,0,0,0,0,0,0,0,0,0,0,0,0,0,0,0,137,0,0,0,0,0,0,0,0,0,0,0,0,0,0,0,0,0,0,0,5,0,0,0,0,0,0,0,0,0,0,0,0,0,0,0,0,0,0,0,145,0,0,0,1,0,0,0,0,215,1755,0,0,214,0,0,0,0,0,711,0,1,0,1,0,0,0,0,0,0,0,0,0,0,0,0,0,0,0,0,0,0,0,343,0,0,0,0,0,0,0,0,0,0,0,0,0,0,445,1,0,0,2084,0,0,1203,0,0,50,0,0,0,0,0,0,0,0,0,0,0,213,0,180,304,0,104,0,129,0,49,736,210,763,112,0,0,156,134,0,0,0,89,1206,0,0,521,1979,0,0,331,3289,3153,125,0,0,1855,883,1284,340,292,65,59,0,60,3011,0,146,28,0
STS.MD7,0,0,0,0,0,0,0,0,0,0,0,0,0,0,0,0,0,0,0,0,0,2,0,0,0,1,0,0,0,0,0,0,0,0,0,0,1,0,0,0,0,1,0,0,0,0,0,0,0,0,0,0,0,0,0,0,0,0,0,0,0,0,0,0,0,0,0,0,0,0,1,0,0,0,0,0,0,0,0,0,0,0,0,0,0,0,0,0,0,0,0,0,0,0,0,0,0,0,0,0,0,0,0,0,0,0,0,0,0,0,0,0,0,0,0,0,0,0,0,0,0,0,0,1,0,0,0,0,0,0,0,0,0,0,0,0,0,0,0,0,0,0,0,0,0,0,0,0,0,0,0,0,0,0,0,0,0,0,0,0,0,0,0,0,0,0,4775,0,0,0,0,0,0,0,0,0,0,0,0,0,0,0,0,0,0,0,0,0,0,0,0,0,1,0,0,0,0,0,0,0,0,0,767,0,1,0,0,0,0,0,0,0,0,0,0,0,0,0,0,0,0,0,0,0,0,0,0,0,0,0,0,0,0,0,0,0,0,0,0,0,0,0,0,0,0,0,0,0,0,0,0,0,0,0,0,0,0,0,0,0,0,0,0,0,0,0,0,0,0,0,0,0,0,0,0,0,0,0,0,0,0,0,0,0,0,0,45297,0,0,0,0,0,0,0,0,0,0,0,0,0,0,0,0,0,0,0,0,0,0,0,0,0,0,0,0,0,0,0,0,0,0,0,0,0,0,0,0,0,0,0,0,0,0,0,0,0,0,0,1,0,0,0,0,0,0,0,0,0,0,0,0,0,0,0,0,15,0,0,0,0,0,0,0,0,0,0,0,0,0,0,0,0,0,0,0,0,0,0,0,0,0,0,0,0,0,0,0,0,0,0,0,0,0,0,0,0,0,0,0,0,0,0,301,0,254,553,0,0,0,0,0,0,0,0,0,0,0,0,0,0,0,0,0,0,0,0,0,0,0,0,0,0,136,0,0,0,0,0,0,0,0,0,0,0,0,0,0,0,0,0,0,0,0,0,0,0,0,0,0,0,0,0,0,0,0,0,0,197,0,0,0,0,0,0,0,0,0,0,0,0,0,0,0,0,0,0,0,0,0,0,38,0,0,0,0,0,0,0,0,0,0,0,0,0,0,0,0,0,0,0,0,0,0,0,0,0,0,0,0,0,0,0,0,0,0,0,0,0,0,1,0,0,0,0,0,0,0,0,0,0,0,0,0,0,0,0,0,0,0,0,0,0,0,0,0,0,0,0,0,0,0,0,0,0,0,0,0,0,3,0,1,0,0,0,1,0,0,0,2,0,0,0,0,0,0,0,0,0,0,0,0,0,0,0,0,0,0,0,0,0,0,0,0,0,0,0,0,0,0,0,0,0,0,0,0,0,0,0,0,0,0,0,0,0,0,0,50,0,0,0,0,0,0,0,0,0,0,0,0
STS.MD8,0,0,0,0,0,1313,0,0,0,0,0,0,0,0,0,0,0,532,0,0,0,0,0,0,0,0,0,0,0,0,0,0,0,0,0,0,0,0,0,83,0,0,0,0,0,0,0,0,0,0,0,0,0,0,0,0,0,0,0,0,0,0,0,0,0,0,97,0,0,0,0,0,0,0,0,0,0,0,0,0,0,0,0,0,0,0,0,0,0,0,1,0,0,0,0,0,347,0,0,0,0,0,0,0,0,0,0,0,0,546,0,0,0,0,0,0,0,0,0,0,0,39,0,0,0,0,0,0,0,0,0,0,0,0,0,0,118,0,261,0,0,0,0,0,0,0,0,0,0,0,0,0,0,0,0,0,0,0,0,0,0,0,0,0,0,0,0,0,0,0,0,0,0,0,0,0,0,0,0,0,0,0,0,0,0,0,0,0,0,0,0,0,1,0,0,0,0,0,0,1,0,0,2073,0,779,0,0,0,0,0,0,0,0,0,0,227,0,0,0,0,0,0,0,0,0,0,0,0,0,0,0,0,0,0,0,0,0,0,0,0,0,0,0,0,0,0,0,249,0,0,0,0,0,0,0,0,0,0,0,0,0,0,0,0,0,0,190,0,0,0,0,0,0,0,0,0,0,0,0,0,0,0,0,0,0,0,0,0,75,0,0,0,0,0,0,0,0,0,0,0,0,0,0,0,0,0,0,0,0,0,0,0,0,0,0,0,0,0,0,0,0,0,0,0,0,0,0,0,0,0,0,0,0,0,0,0,0,0,0,0,0,0,0,0,0,0,0,0,0,0,0,0,0,0,0,2033,0,0,0,0,0,0,94,0,0,0,0,0,0,0,0,288,0,0,143,0,0,0,0,0,0,0,0,0,0,0,0,0,0,0,0,0,0,0,0,0,0,0,0,0,0,0,380,0,106,607,0,0,0,0,0,0,0,0,0,0,0,0,0,0,0,0,0,0,0,0,0,0,0,0,0,0,0,0,0,0,0,0,178,0,0,0,0,303,0,0,0,0,0,0,0,0,0,0,0,0,0,0,0,0,0,0,0,0,0,0,0,0,0,0,0,0,0,0,0,429,0,0,0,0,0,0,0,0,0,0,0,0,0,0,100,0,0,0,0,0,0,0,0,0,0,0,0,0,0,0,0,0,0,0,0,0,0,52,370,0,0,0,0,0,269,0,0,0,0,0,0,0,0,406,0,0,0,0,0,0,0,0,0,0,0,0,0,0,0,0,0,0,0,0,0,0,0,1179,0,0,0,0,0,0,0,0,0,0,0,0,0,0,1,0,0,0,1410,0,0,432,0,0,0,0,0,0,0,0,0,0,0,0,0,0,216,0,0,0,0,0,0,0,0,0,0,0,0,296,0,0,0,0,0,0,0,0,0,0,652,0,321,0,0,76,4058,58,54,0,0,0,0,0,0,0,771,0,0,0,0,0,0,0,0
STS.MD9,0,0,0,0,6,189,0,0,0,0,0,0,0,0,0,0,0,136,0,0,0,0,0,0,0,0,0,0,0,0,0,0,0,0,0,0,0,0,0,0,0,0,0,0,0,0,0,0,0,0,0,0,0,0,0,0,0,0,0,0,0,0,0,0,0,0,0,0,0,0,0,0,0,0,0,0,0,0,0,0,0,0,0,0,0,0,0,0,0,0,0,0,0,0,0,0,0,0,0,0,0,0,0,0,0,0,0,0,0,0,0,0,0,0,0,0,0,0,0,0,0,0,0,0,0,0,0,0,0,0,0,0,0,0,0,0,0,0,0,0,0,0,0,0,0,0,0,0,0,0,0,0,0,0,0,0,0,0,0,0,0,0,0,0,0,0,0,0,0,0,0,0,0,0,0,0,0,0,0,0,0,0,0,0,176,0,0,0,0,0,0,0,0,0,0,0,0,0,0,1,0,0,645,0,2,0,0,0,0,0,0,0,0,0,0,0,0,0,0,0,0,0,0,0,0,0,0,0,0,0,0,0,0,0,0,0,0,0,0,0,0,0,0,0,0,0,0,0,0,0,0,0,0,0,0,0,0,0,0,0,0,0,0,0,0,0,0,0,0,0,0,0,0,0,0,0,0,0,0,0,0,0,0,0,0,0,1,0,0,0,0,0,0,0,0,0,0,0,0,0,0,0,0,0,0,0,0,0,0,0,0,0,0,0,0,0,0,0,0,0,0,0,0,0,0,0,0,0,0,0,0,0,0,0,0,117,0,0,0,64,0,0,0,0,0,0,0,0,2,0,0,0,197,0,24,670,0,0,0,0,0,0,0,0,0,0,0,0,0,0,0,0,0,0,20,0,0,0,339,0,0,0,0,0,0,0,0,0,0,0,0,0,0,0,0,0,0,0,0,0,0,0,492,0,0,372,0,0,0,0,0,0,0,0,0,0,0,0,0,0,0,0,0,4,0,0,0,0,0,0,0,0,485,0,0,0,0,0,0,0,0,0,0,0,0,0,0,0,0,0,0,0,0,0,0,0,0,0,0,0,0,0,0,0,0,0,0,0,0,0,0,0,0,0,0,0,0,0,0,0,0,0,0,0,0,0,0,0,0,0,187,0,0,11,0,0,0,0,0,0,0,0,0,0,0,0,0,0,0,0,0,0,0,0,0,0,0,0,0,0,0,0,0,0,0,0,0,0,0,1947,0,0,0,0,0,0,0,0,0,0,0,0,0,0,0,0,0,0,0,0,0,0,0,125,0,0,0,0,0,0,0,0,0,0,0,0,0,0,0,0,207,0,244,0,0,4,0,0,0,0,0,0,0,0,0,0,0,0,0,0,0,0,0,3,0,0,0,27,0,0,0,0,276,0,0,0,0,0,0,0,0,0,0,0,232,0,0,0,0,28,513,172,0,0,0,1285,3,0,0,0,204,0,0,0,332,0,0,0,89
